Id,Price,Year,Mileage,City,State,Vin,Make,Model
1,16472,2015,18681,Jefferson City, MO,KL4CJBSBXFB267643,Buick,EncoreConvenience
2,15749,2015,27592,Highland, IN,KL4CJASB5FB245057,Buick,EncoreFWD
3,16998,2015,13650,Boone, NC,KL4CJCSB0FB264921,Buick,EncoreLeather
4,,2015,25195,New Orleans, LA,KL4CJASB4FB217542,Buick,EncoreFWD
5,16784,2015,22800,Las Vegas, NV,KL4CJBSB3FB166881,Buick,EncoreConvenience
6,17020,2016,16877,Grand Island, NY,KL4CJASB7GB536760,Buick,EncoreFWD
7,15950,2015,27885,West Covina, CA,KL4CJASB3FB241802,Buick,EncoreFWD
8,17091,2016,24008,Little Rock, AR,KL4CJASBXGB565542,Buick,EncoreFWD
9,16995,,8624,Punta Gorda, FL,KL4CJFSB7FB173565,Buick,EncoreConvenience
10,17700,2015,13807,Jacksonville, NC,KL4CJBSB8FB068543,Buick,EncoreConvenience
11,14555,2014,,Phoenix, AZ,KL4CJASB3EB786106,Buick,EncoreFWD
12,18988,2017,4705,Bowling Green, KY,KL4CJASB7HB035630,Buick,EncoreFWD
13,17491,2016,11123,Memphis, TN,KL4CJASBXGB720588,Buick,EncoreFWD
14,,2015,11330,St. Peters, MO,KL4CJBSB0FB117931,Buick,EncoreConvenience
15,20959,2017,36981,Taylor, MI,1G4PR5SK9H4108021,Buick,VeranoSport
16,16699,,21323,Clearwater, FL,KL4CJASB2FB127080,Buick,EncoreFWD
17,15995,2015,18887,Metairie, LA,KL4CJASB8FB267196,Buick,EncoreFWD
18,17950,2016,10925,Lafayette, IN,KL4CJASB4GB519690,Buick,EncoreFWD
19,15239,2015,20681,Dallas, TX,KL4CJBSB2FB179802,Buick,EncoreConvenience
20,16814,2015,11541,Gainesville, FL,KL4CJASB0FB248111,Buick,EncoreFWD
21,15972,2015,28408,Trevose, PA,KL4CJASB4FB176443,Buick,EncoreFWD
22,17222,2015,10652,Oklahoma City, OK,KL4CJBSB9FB270758,Buick,EncoreConvenience
23,18366,2016,3104,Lakewood, NJ,KL4CJASB3GB650982,Buick,EncoreFWD
24,13488,2014,33215,Fallston, MD,KL4CJASB9EB608748,Buick,EncoreFWD
25,16400,2015,21694,Columbus, OH,KL4CJASB1FB241331,Buick,EncoreFWD
26,18902,2017,5,Dublin, CA,KL4CJASB1HB027202,Buick,EncoreFWD
27,18902,2017,5,Dublin, CA,KL4CJASB5HB028496,Buick,EncoreFWD
28,16476,2015,21962,Flemming, GA,KL4CJBSB4FB231253,Buick,EncoreConvenience
29,16450,2014,12760,Columbus, OH,KL4CJASBXEB752616,Buick,EncoreFWD
30,16000,2015,19446,Monroe, MI,KL4CJBSB2FB036929,Buick,EncoreConvenience
31,16217,2015,23837,Raleigh, NC,KL4CJASB9FB235535,Buick,EncoreFWD
32,16895,2015,21026,Souderton, PA,KL4CJASB9FB190502,Buick,EncoreFWD
33,16900,2015,10369,Mechanicsburg, PA,KL4CJASB9FB270902,Buick,EncoreFWD
34,17500,2015,7166,Williamstown, NJ,KL4CJBSB9FB222354,Buick,EncoreConvenience
35,18988,2017,6111,Bowling Green, KY,KL4CJASB9HB048427,Buick,EncoreFWD
36,15600,2015,33423,Virginia Beach, Va,KL4CJASB4FB178676,Buick,EncoreFWD
37,17591,2015,10014,Tucson, AZ,KL4CJASB3FB117299,Buick,EncoreFWD
38,,2015,20496,McDonough, GA,KL4CJBSB2FB101567,Buick,EncoreConvenience
39,15593,2015,17440,Akron, OH,KL4CJESB7FB267195,Buick,EncoreAWD
40,17900,2017,9850,Doral, FL,KL4CJASB6HB002683,Buick,EncoreFWD
41,17000,2015,13590,Williamstown, NJ,KL4CJBSB0FB195254,Buick,EncoreConvenience
42,15495,2014,24554,Metairie, LA,KL4CJASB6EB551876,Buick,EncoreFWD
43,16988,2016,12510,Naples, FL,KL4CJASB6GB565795,Buick,EncoreFWD
44,15591,2015,29804,Jacksonville, FL,KL4CJASB0FB082415,Buick,EncoreFWD
45,16737,2015,16701,Lutz, Fl,KL4CJASB1FB220883,Buick,EncoreFWD
46,11262,,64997,Pompano Beach, FL,KL4CJASB9DB078277,Buick,EncoreEncore
47,13900,2014,25982,Arcadia, FL,KL4CJBSB6EB587119,Buick,EncoreConvenience
48,16799,2015,16735,Williamstown, NJ,KL4CJASB7FB234884,Buick,EncoreFWD
49,16500,2014,10478,Tampa, FL,KL4CJCSBXEB781688,Buick,EncoreLeather
50,17991,2016,14806,Tucson, AZ,KL4CJASB7GB620898,Buick,EncoreFWD
51,15499,2015,37406,Killeen, TX,KL4CJBSB5FB096686,Buick,EncoreConvenience
52,15725,2015,17005,Englewood, NJ,KL4CJASB4FB271181,Buick,EncoreFWD
53,19663,2016,3064,Wilmington, NC,KL4CJASB5GB647064,Buick,EncoreFWD
54,16445,2015,19469,Grapevine, TX,KL4CJBSBXFB166232,Buick,EncoreConvenience
55,15750,2015,26927,Grapevine, TX,KL4CJBSB6FB162873,Buick,EncoreConvenience
56,16567,2015,6156,Ocala, FL,KL4CJBSB2FB167861,Buick,EncoreConvenience
57,17479,2015,15572,San Diego, CA,KL4CJBSBXFB260336,Buick,EncoreConvenience
58,16344,2016,24241,GILBERT, AZ,KL4CJASB4GB652627,Buick,EncoreFWD
59,20500,2017,2381,Lillington, NC,KL4CJASB3HB073968,Buick,EncoreFWD
60,15795,2014,8886,White Plains, NY,KL4CJASBXEB571547,Buick,EncoreFWD
61,13500,2013,46157,Palm Harbor, FL,KL4CJBSB5DB160948,Buick,EncoreConvenience
62,18991,2017,5395,Charlotte, NC,KL4CJASB6HB002375,Buick,EncoreFWD
63,16984,2015,20433,Lone Tree, CO,KL4CJESB1FB265359,Buick,EncoreAWD
64,,2015,24075,Lillington, NC,KL4CJBSB3FB253521,Buick,EncoreConvenience
65,18676,2016,3448,Lutz, Fl,KL4CJBSB1GB719416,Buick,EncoreConvenience
66,16400,2015,19581,Fairless Hills, PA,KL4CJASB2FB158880,Buick,EncoreFWD
67,16947,2015,19091,Ellicott City, MD,KL4CJASB6FB125820,Buick,EncoreFWD
68,17950,,7895,Fresno, CA,KL4CJASB7FB266072,Buick,EncoreFWD
69,17500,2016,20157,Grapevine, TX,KL4CJBSB7GB529197,Buick,EncoreConvenience
70,14990,2015,33847,Kirkwood, MO,KL4CJASB8FB267554,Buick,EncoreFWD
71,15995,2015,24930,Grand Forks, ND,KL4CJBSB3FB265331,Buick,EncoreConvenience
72,15980,2014,16520,Rainbow City, AL,KL4CJBSB6EB746639,Buick,EncoreConvenience
73,3999,2006,132582,Joliet, IL,5GADX23L16D200063,Buick,Terraza4dr
74,16947,2015,22352,Brockton, MA,KL4CJESB1FB190453,Buick,EncoreAWD
75,17998,2016,11015,Greenville, NC,KL4CJASBXGB545422,Buick,EncoreFWD
76,13590,2014,35725,Plantation, FL,KL4CJASB3EB573589,Buick,EncoreFWD
77,14975,2014,25352,Seattle, WA,KL4CJDSB4EB723159,Buick,EncorePremium
78,15475,2016,40147,New Orleans, LA,KL4CJASB2GB577278,Buick,EncoreFWD
79,14901,2015,51091,Selma, TX,KL4CJBSB3FB254619,Buick,EncoreConvenience
80,17853,2016,13503,Tallahassee, FL,KL4CJASB3GB537873,Buick,EncoreFWD
81,18800,2016,8968,Kenosha, WI,KL4CJASB8GB602927,Buick,EncoreFWD
82,16995,2015,23174,Souderton, PA,KL4CJASB9FB029910,Buick,EncoreFWD
83,17991,2016,10059,Prince Frederick, MD,KL4CJASB5GB693316,Buick,EncoreFWD
84,15285,2014,17671,Boyertown, PA,KL4CJASB0EB785320,Buick,EncoreFWD
85,16495,2015,19495,Lynn, MA,KL4CJESB3FB233318,Buick,EncoreAWD
86,17853,2016,13625,Tallahassee, FL,KL4CJASB2GB539436,Buick,EncoreFWD
87,3950,2003,176935,Elkhart, IN,3G5DA03E93S607122,Buick,RendezvousCXL
88,17400,2016,9368,Siloam Springs, AR,KL4CJASB0GB667433,Buick,EncoreFWD
89,19327,2017,3339,Austin, TX,KL4CJASBXHB009295,Buick,EncoreFWD
90,16343,2016,30716,Grove City, OH,KL4CJASB0GB605580,Buick,EncoreFWD
91,15678,2015,19825,Noblesville, IN,KL4CJASB8FB237597,Buick,EncoreFWD
92,16875,2015,14682,Miami, FL,KL4CJBSB0FB249328,Buick,EncoreConvenience
93,16995,2015,26643,Marietta, GA,KL4CJCSB5FB098766,Buick,EncoreLeather
94,15000,2014,39648,Tarpon Springs, FL,KL4CJBSB4EB643994,Buick,EncoreConvenience
95,15994,2015,16067,Seffner, FL,KL4CJCSB2FB170538,Buick,EncoreLeather
96,14988,2014,29328,Oak Park Heights, MN,KL4CJBSB2EB738067,Buick,EncoreConvenience
97,16475,2015,15612,ORLANDO, FL,KL4CJASB9FB262847,Buick,EncoreFWD
98,16300,2015,25485,Williamstown, NJ,KL4CJASB9FB207136,Buick,EncoreFWD
99,14899,2014,31175,Red Springs, NC,KL4CJASB5EB742866,Buick,EncoreFWD
100,13977,2013,40722,Peoria, AZ,KL4CJBSB6DB121592,Buick,EncoreConvenience
101,20485,2017,5614,New Bern, NC,KL4CJASB2HB014748,Buick,EncoreFWD
102,15392,2015,39846,Madison, WI,KL4CJBSB7FB042726,Buick,EncoreConvenience
103,14484,2014,19263,Belle Glade, FL,KL4CJASB3EB548353,Buick,EncoreFWD
104,14901,2014,26624,Alachua, FL,KL4CJASB8EB544850,Buick,EncoreFWD
105,14376,2015,47383,Henderson, NV,KL4CJBSB0FB261477,Buick,EncoreConvenience
106,16992,2015,14754,Phoenix, AZ,KL4CJASB1FB155422,Buick,EncoreFWD
107,15555,2015,22058,Farmington, NY,KL4CJASB2FB269882,Buick,EncoreFWD
108,16468,2015,11219,Cincinnati, OH,KL4CJBSBXFB072173,Buick,EncoreConvenience
109,16533,2016,28871,Corbin, KY,KL4CJASB1GB696908,Buick,EncoreFWD
110,15595,2015,21745,Denton, TX,KL4CJFSB1FB219276,Buick,EncoreConvenience
111,17659,2016,16669,Lakewood, NJ,KL4CJASBXGB646248,Buick,EncoreFWD
112,16470,2015,20030,Orlando, FL,KL4CJASB9FB090528,Buick,EncoreFWD
113,15377,2015,34393,North Olmsted, OH,KL4CJASB1FB063386,Buick,EncoreFWD
114,17976,,17887,Aurora, MO,KL4CJASB5GB677794,Buick,EncoreFWD
115,17988,2015,1592,Fruitland Park, FL,KL4CJBSB3FB206862,Buick,EncoreConvenience
116,13991,2014,45308,Lutz, Fl,KL4CJBSB4EB662156,Buick,EncoreConvenience
117,16244,2015,22428,Anaheim, CA,KL4CJASB3FB266084,Buick,EncoreFWD
118,15699,2014,24333,New Orleans, LA,KL4CJBSB4EB760684,Buick,EncoreConvenience
119,16999,2015,12558,Port Richey, FL,KL4CJASB6FB267312,Buick,EncoreFWD
120,15599,2015,29851,Norfolk, VA,KL4CJASB8FB210237,Buick,EncoreFWD
121,16495,2015,18905,Metairie, LA,KL4CJASB3FB265968,Buick,EncoreFWD
122,15000,2014,30720,Wilmington, OH,KL4CJBSB9EB535807,Buick,EncoreConvenience
123,18988,2016,15851,Topeka, KS,KL4CJASB6GB724251,Buick,EncoreFWD
124,16991,2015,22450,Tucson, AZ,KL4CJASB7FB208107,Buick,EncoreFWD
125,16488,2015,21713,Zelienople, PA,KL4CJASB5FB253207,Buick,EncoreFWD
126,16230,2015,15010,Buford, GA,KL4CJASB4FB212826,Buick,EncoreFWD
127,14999,2015,38390,Downers Grove, IL,KL4CJBSB4FB153038,Buick,EncoreConvenience
128,15555,2014,26713,New Orleans, LA,KL4CJBSB7EB599442,Buick,EncoreConvenience
129,17466,2016,21450,St. Louis, MO,KL4CJASB1GB601795,Buick,EncoreFWD
130,12910,2014,49608,Oak Lawn, IL,KL4CJASB0EB639189,Buick,EncoreFWD
131,16200,2015,26981,Plainfield, IN,KL4CJBSB4FB147403,Buick,EncoreConvenience
132,16588,2015,21500,Red Springs, NC,KL4CJASB2FB216101,Buick,EncoreFWD
133,16791,2015,25389,Tucson, AZ,KL4CJASB8FB203305,Buick,EncoreFWD
134,17283,2015,13444,Houston, TX,KL4CJASB3FB261807,Buick,EncoreFWD
135,20300,2017,239,Hermitage, PA,KL4CJASB8HB164833,Buick,EncoreFWD
136,14308,2014,39994,Pataskala, OH,KL4CJBSB5EB715687,Buick,EncoreConvenience
137,22846,2017,27351,Delavan, WI,1G4PR5SK5H4110302,Buick,VeranoSport
138,18914,2016,8032,Carmel, IN,KL4CJASB7GB645770,Buick,EncoreFWD
139,16188,2015,19877,Fishers, IN,KL4CJASB2FB222447,Buick,EncoreFWD
140,17500,2015,19103,Cranston, RI,KL4CJESB5FB268619,Buick,EncoreAWD
141,14523,2014,44773,Indianapolis, IN,KL4CJBSB7EB731776,Buick,EncoreConvenience
142,15988,2015,24020,San Jose, CA,KL4CJASB4FB090212,Buick,EncoreFWD
143,17935,2015,14622,Sea Girt, NJ,KL4CJASBXFB137226,Buick,EncoreFWD
144,16890,2016,16702,Temple Hills, MD,KL4CJASB4GB680699,Buick,EncoreFWD
145,18500,2015,3612,Grapevine, TX,KL4CJBSB7FB169170,Buick,EncoreConvenience
146,15999,2015,27410,Conyers, GA,KL4CJASBXFB113489,Buick,EncoreFWD
147,24995,2014,5478,Elizabeth City, NC,1G4PR5SK9E4167159,Buick,VeranoConvenience
148,17512,2015,10728,Amarillo, TX,KL4CJESBXFB170833,Buick,EncoreAWD
149,18879,2017,23261,Las Vegas, NV,KL4CJCSB4HB008459,Buick,EncoreFWD
150,16500,2015,21072,Smyrna, GA,KL4CJASB3FB230489,Buick,EncoreFWD
151,18487,2016,7681,Gladstone, OR,KL4CJASB9GB736412,Buick,EncoreFWD
152,18995,2016,2815,Newnan, GA,KL4CJASB2GB734727,Buick,EncoreFWD
153,15473,2015,43366,Avon, IN,KL4CJASB5FB108216,Buick,EncoreFWD
154,16858,2015,23550,Scottsdale, AZ,KL4CJASB5FB245205,Buick,EncoreFWD
155,,2015,17116,Phoenix, AZ,KL4CJASB1FB184550,Buick,EncoreFWD
156,17000,2015,29353,Placerville, CA,KL4CJASB0FB256466,Buick,EncoreFWD
157,16996,2015,21920,Irwin, PA,KL4CJASB5FB230901,Buick,EncoreFWD
158,18000,2015,8235,Woonsocket, RI,KL4CJESB5FB228542,Buick,EncoreAWD
159,16493,2014,10117,Downers Grove, IL,KL4CJBSB0EB688737,Buick,EncoreConvenience
160,17990,2015,11558,Carmel, IN,KL4CJASB7FB249384,Buick,EncoreFWD
161,18000,2016,13807,Flagstaff, AZ,KL4CJASB8GB570853,Buick,EncoreFWD
162,18460,2016,6177,Matthews, NC,KL4CJASB3GB665286,Buick,EncoreFWD
163,18000,2015,7775,Birmingham, AL,KL4CJASBXFB186667,Buick,EncoreFWD
164,16241,2015,26479,Mission, TX,KL4CJASB3FB062031,Buick,EncoreFWD
165,17477,2015,11637,Ridgeland, MS,KL4CJASB6FB248890,Buick,EncoreFWD
166,15997,2015,29539,Phoenix, AZ,KL4CJBSBXFB164335,Buick,EncoreConvenience
167,16496,2015,29670,Aurora, MO,KL4CJASB7FB037133,Buick,EncoreFWD
168,16969,2015,16939,Houston, TX,KL4CJASB5FB258455,Buick,EncoreFWD
169,17977,2016,14693,Palm Coast, FL,KL4CJASB6GB546406,Buick,EncoreFWD
170,14675,2015,43174,Metairie, LA,KL4CJBSB1FB049722,Buick,EncoreConvenience
171,16988,2015,26718,Ft Walton Beach, FL,KL4CJCSB2FB169101,Buick,EncoreLeather
172,17691,2016,13366,Downers Grove, IL,KL4CJASB8GB645972,Buick,EncoreFWD
173,16995,2015,10635,Spencerport, NY,KL4CJASB6FB141693,Buick,EncoreFWD
174,21995,2015,36912,Albuquerque, NM,1G4PR5SK3F4152402,Buick,VeranoConvenience
175,13490,2014,41678,Ft. Lauderdale, FL,KL4CJASB4EB780685,Buick,EncoreFWD
176,17274,2015,14579,Branson, MO,KL4CJBSB8FB194529,Buick,EncoreConvenience
177,17904,2015,7012,Amarillo, TX,KL4CJASB6FB096044,Buick,EncoreFWD
178,18901,2016,6634,St Peters, MO,KL4CJASB7GB718801,Buick,EncoreFWD
179,17500,2015,11972,Maryville, MO,KL4CJASB4FB139098,Buick,EncoreFWD
180,18300,2015,11941,Clarksville, TN,KL4CJASB5FB270363,Buick,EncoreFWD
181,18640,2016,1737,Homosassa, FL,KL4CJASB4GB701227,Buick,EncoreFWD
182,17649,2015,17524,Lillington, NC,KL4CJASB0FB240476,Buick,EncoreFWD
183,16987,2015,18936,Houston, TX,KL4CJASB1FB193233,Buick,EncoreFWD
184,4977,2003,175975,Houston, TX,3G5DA03E83S521865,Buick,RendezvousCX
185,14500,2015,38441,Charlotte, NC,KL4CJFSB2FB046478,Buick,EncoreConvenience
186,18588,2016,7781,Tyler, TX,KL4CJASB5GB675804,Buick,EncoreFWD
187,17991,2016,15184,Bradenton, FL,KL4CJASB4GB557839,Buick,EncoreFWD
188,17404,2015,17504,Jefferson City, MO,KL4CJESB2FB098431,Buick,EncoreAWD
189,18499,2017,7655,Atlanta, GA,KL4CJCSB6HB007491,Buick,EncoreFWD
190,16995,2015,27385,Austin, TX,KL4CJBSB1FB216161,Buick,EncoreConvenience
191,17785,2015,17453,Oswego, NY,KL4CJESB0FB201197,Buick,EncoreAWD
192,18684,2017,15298,Corbin, KY,KL4CJASB9HB035306,Buick,EncoreFWD
193,16950,2015,9172,Duluth, GA,KL4CJASB1FB237408,Buick,EncoreFWD
194,16500,2014,29404,Duluth, GA,KL4CJCSB7EB565295,Buick,EncoreLeather
195,15991,2016,43864,St. Louis, MO,KL4CJASB6GB675603,Buick,EncoreFWD
196,17494,2016,21192,Newberry, SC,KL4CJBSB9GB540850,Buick,EncoreConvenience
197,14992,2014,36760,Allentown, PA,KL4CJBSB3EB782417,Buick,EncoreConvenience
198,13687,2014,49851,Florissant, MO,KL4CJASB8EB723017,Buick,EncoreFWD
199,16991,2015,22787,Houston, TX,KL4CJBSB4FB154819,Buick,EncoreConvenience
200,15997,2015,22686,Cincinnati, OH,KL4CJBSB1FB263139,Buick,EncoreConvenience
201,16000,2014,26810,Delaware, OH,KL4CJFSB8EB533201,Buick,EncoreConvenience
202,16000,2014,15771,Towanda, PA,KL4CJFSB8EB554923,Buick,EncoreConvenience
203,17880,,17238,Red Springs, NC,KL4CJASB3GB552728,Buick,EncoreFWD
204,17384,2015,16851,Syracuse, NY,KL4CJESB3FB219077,Buick,EncoreAWD
205,16711,2015,16895,Chicago, IL,KL4CJASB8FB258353,Buick,EncoreFWD
206,16980,2015,19353,Hartsville, SC,KL4CJBSB1FB211445,Buick,EncoreConvenience
207,18000,2016,15396,Flagstaff, AZ,KL4CJASB1GB563131,Buick,EncoreFWD
208,16294,2015,21230,Fishers, IN,KL4CJASB7FB121775,Buick,EncoreFWD
209,19900,2016,5,Simi Valley, CA,KL4CJBSB4GB663679,Buick,EncoreConvenience
210,17676,2015,10795,Ridgeland, MS,KL4CJASBXFB241019,Buick,EncoreFWD
211,17853,2016,20050,Anderson, SC,KL4CJASB1GB534695,Buick,EncoreFWD
212,18495,2016,6481,Collinsville, IL,KL4CJBSB9GB620388,Buick,EncoreConvenience
213,15940,2014,22334,Springfield, IL,KL4CJBSB6EB775705,Buick,EncoreConvenience
214,16525,2015,20325,East Dundee, IL,KL4CJASB5FB243230,Buick,EncoreFWD
215,17500,2016,21000,BROKEN ARROW, OK,KL4CJASB2GB643053,Buick,EncoreFWD
216,14980,2015,43461,Muskogee, OK,KL4CJASB5FB194479,Buick,EncoreFWD
217,17200,2015,23389,Hermitage, PA,KL4CJESB8FB249756,Buick,EncoreAWD
218,15990,2014,25889,Palmyra, NJ,KL4CJBSB6EB785599,Buick,EncoreConvenience
219,17000,2015,23977,Columbus, OH,KL4CJBSB7FB102293,Buick,EncoreConvenience
220,18990,2017,2608,Canton, MA,KL4CJASB8HB074470,Buick,EncoreFWD
221,15000,2015,33508,Baltimore, MD,KL4CJASB7FB124627,Buick,EncoreFWD
222,15495,2014,24349,St. Augustine, FL,KL4CJBSB4EB658656,Buick,EncoreConvenience
223,16995,2015,19384,Conway, SC,KL4CJASB5FB225911,Buick,EncoreFWD
224,17499,2015,13317,Bedford, OH,KL4CJBSB9FB154525,Buick,EncoreConvenience
225,14416,2014,53116,Del City, OK,KL4CJCSB6EB775743,Buick,EncoreLeather
226,19000,2016,3879,Lexington, KY,KL4CJBSB9GB708227,Buick,EncoreConvenience
227,13324,2014,68719,Redlands, CA,KL4CJASBXEB649275,Buick,EncoreFWD
228,15000,2014,35813,Plymouth, WI,KL4CJBSB5EB727712,Buick,EncoreConvenience
229,18997,2016,6871,Jonesboro, AR,KL4CJASB2GB528291,Buick,EncoreFWD
230,19842,2017,5280,Anderson, SC,KL4CJASB1HB013736,Buick,EncoreFWD
231,16901,2015,20739,Yuba City, CA,KL4CJASB3FB126763,Buick,EncoreFWD
232,15469,2015,43153,Albuquerque, NM,KL4CJBSB0FB073803,Buick,EncoreConvenience
233,16998,2015,20357,Houston, TX,KL4CJASB3FB237619,Buick,EncoreFWD
234,15713,2014,30674,Parma, OH,KL4CJBSB4EB718063,Buick,EncoreConvenience
235,16996,2015,17856,Pueblo, CO,KL4CJASBXFB057862,Buick,EncoreFWD
236,17630,2015,15619,Newport News, VA,KL4CJBSB3FB252823,Buick,EncoreConvenience
237,16998,2015,19821,Shelby, NC,KL4CJASB9FB269930,Buick,EncoreFWD
238,18684,2016,8120,Tampa, FL,KL4CJASB3GB742626,Buick,EncoreFWD
239,19849,2016,2645,Clearwater, FL,KL4CJBSB8GB718053,Buick,EncoreConvenience
240,17371,2016,24000,Edinburg, TX,KL4CJASBXGB566982,Buick,EncoreFWD
241,15300,2014,25602,Fishers, IN,KL4CJASB4EB744642,Buick,EncoreFWD
242,16995,2015,10133,Wall, NJ,KL4CJESB4FB218391,Buick,EncoreAWD
243,15500,2014,28727,Athens, AL,KL4CJASB3EB592353,Buick,EncoreFWD
244,17251,2015,13894,Houston, TX,KL4CJASB5FB211720,Buick,EncoreFWD
245,15990,2015,33212,Gurnee, IL,KL4CJESB7FB167713,Buick,EncoreAWD
246,17499,2015,16493,Johnston, RI,KL4CJFSB2FB140554,Buick,EncoreConvenience
247,15985,2015,32219,Excelsior Springs, MO,KL4CJASB9FB152784,Buick,EncoreFWD
248,17499,2015,19978,El Paso, TX,KL4CJASB5FB267897,Buick,EncoreFWD
249,17500,2015,18067,Taylor, MI,KL4CJBSB6FB219475,Buick,EncoreConvenience
250,17000,2015,21475,Plainfield, IN,KL4CJBSB2FB255583,Buick,EncoreConvenience
251,17994,2015,12296,Mesa, AZ,KL4CJBSB2FB238749,Buick,EncoreConvenience
252,16288,2015,33761,Delray Beach, FL,KL4CJBSB9FB047717,Buick,EncoreConvenience
253,18000,2016,16760,Edinburg, TX,KL4CJASB4GB618915,Buick,EncoreFWD
254,16634,2015,24636,Fort Lauderdale, FL,KL4CJASB7FB225358,Buick,EncoreFWD
255,17500,2015,14209,Lees Summit, MO,KL4CJASB4FB195154,Buick,EncoreFWD
256,16640,2015,23750,Lakeland, FL,KL4CJASB7FB234934,Buick,EncoreFWD
257,13999,2015,53359,Jacksonville, FL,KL4CJBSB3FB040262,Buick,EncoreConvenience
258,15895,2014,23091,Old Bridge, NJ,KL4CJCSB0EB740891,Buick,EncoreLeather
259,20000,2017,1406,Circleville, OH,KL4CJASB5HB082588,Buick,EncoreFWD
260,16484,2014,21483,Florence, KY,KL4CJCSB1EB625748,Buick,EncoreLeather
261,17900,2015,9529,Bradley, IL,KL4CJASB5FB234883,Buick,EncoreFWD
262,15765,2013,37771,Omaha, NE,KL4CJGSB0DB169618,Buick,EncoreLeather
263,18580,2015,11125,PLANO, TX,KL4CJASB6FB232351,Buick,EncoreFWD
264,17492,2015,18501,The Woodlands, TX,KL4CJASB2FB230600,Buick,EncoreFWD
265,16871,2015,17862,GILBERT, AZ,KL4CJASB9FB265263,Buick,EncoreFWD
266,,2015,45435,Des Moines, IA,KL4CJBSB9FB040010,Buick,EncoreConvenience
267,14450,2015,58501,Somersworth, NH,KL4CJESB2FB087705,Buick,EncoreAWD
268,18000,2016,13317,Charlotte, MI,KL4CJASB8GB595378,Buick,EncoreFWD
269,14655,2014,47994,WINCHESTER, VA,KL4CJBSB2EB730387,Buick,EncoreConvenience
270,18426,2015,9004,Cockeysville, MD,KL4CJESB0FB141132,Buick,EncoreAWD
271,18887,2016,14366,Dawsonville, GA,KL4CJASB4GB516028,Buick,EncoreFWD
272,18000,2016,22321,Grapevine, TX,KL4CJBSBXGB523457,Buick,EncoreConvenience
273,18500,2016,11341,Chicago, IL,KL4CJASB8GB608274,Buick,EncoreFWD
274,19430,2017,5979,Mesa, AZ,KL4CJASB3HB019697,Buick,EncoreFWD
275,16790,2015,13520,Roswell, GA,KL4CJESB4FB230900,Buick,EncoreAWD
276,18524,2016,11100,Hamler, OH,KL4CJASB0GB671000,Buick,EncoreFWD
277,18850,2015,2571,Taylor, MI,KL4CJASB8FB246557,Buick,EncoreFWD
278,17129,2015,19344,Saint Joseph, MO,KL4CJASBXFB140398,Buick,EncoreFWD
279,18893,2016,10873,Blair, NE,KL4CJASB2GB750572,Buick,EncoreFWD
280,18878,2016,5339,Lima, OH,KL4CJASB8GB626337,Buick,EncoreFWD
281,16473,2014,17809,Mechanicsburg, PA,KL4CJASB4EB770318,Buick,EncoreFWD
282,15989,2014,24613,Rainbow City, AL,KL4CJBSB5EB608414,Buick,EncoreConvenience
283,14900,2015,43214,Enterprise, AL,KL4CJASB9FB152025,Buick,EncoreFWD
284,19991,2017,2243,Prince Frederick, MD,KL4CJASB2HB083021,Buick,EncoreFWD
285,16250,2015,20306,Louisville, KY,KL4CJASB0FB153998,Buick,EncoreFWD
286,13585,2014,48694,Deerfield Beach, FL,KL4CJFSB4EB748963,Buick,EncoreConvenience
287,18411,2016,12756,Fort Lauderdale, FL,KL4CJASB4GB542161,Buick,EncoreFWD
288,16490,2015,17472,Duluth, GA,KL4CJASB3FB240536,Buick,EncoreFWD
289,16500,2015,17360,Phoenix, AZ,KL4CJASB8FB141663,Buick,EncoreFWD
290,14273,2016,55845,Russellville, KY,KL4CJASB5GB612475,Buick,EncoreFWD
291,15860,2014,26623,Daphne, AL,KL4CJASB7EB672738,Buick,EncoreFWD
292,17000,2015,16125,Rome, GA,KL4CJBSB8FB167587,Buick,EncoreConvenience
293,16000,2015,29061,Melbourne, FL,KL4CJASB7FB051291,Buick,EncoreFWD
294,15499,2015,29539,Chicago, IL,KL4CJFSB3FB216542,Buick,EncoreConvenience
295,18410,2016,10905,Coral Springs, FL,KL4CJASB1GB659275,Buick,EncoreFWD
296,16809,,23037,Gaithersburg, MD,KL4CJGSB4EB780978,Buick,EncoreLeather
297,14984,2014,37209,Alcoa, TN,KL4CJASB8EB727150,Buick,EncoreFWD
298,14749,2014,40049,Knoxville, TN,KL4CJFSB9EB693376,Buick,EncoreConvenience
299,3987,2007,150046,Sterling, IL,5GADV231X7D205011,Buick,Terraza4dr
300,16877,2015,30498,Paso Robles, CA,KL4CJASB3FB155325,Buick,EncoreFWD
301,16995,2014,22869,Colmar, PA,KL4CJFSB8EB775891,Buick,EncoreConvenience
302,19488,2017,8894,Tyler, TX,KL4CJASB7HB020058,Buick,EncoreFWD
303,17998,2015,13077,Newport News, VA,KL4CJASB5FB141605,Buick,EncoreFWD
304,15750,2015,26925,Louisville, KY,KL4CJASB7FB245609,Buick,EncoreFWD
305,16250,2015,20913,Louisville, KY,KL4CJASBXFB196020,Buick,EncoreFWD
306,17723,2015,16428,Newport News, VA,KL4CJASB0FB166783,Buick,EncoreFWD
307,14500,2014,33420,Charlotte, NC,KL4CJBSB1EB613982,Buick,EncoreConvenience
308,17990,2015,6848,Houston, TX,KL4CJASB5FB248329,Buick,EncoreFWD
309,19250,2015,8103,Junction City, KS,KL4CJCSB1FB178677,Buick,EncoreLeather
310,15800,2014,27707,Jackson, MI,KL4CJASB7EB780194,Buick,EncoreFWD
311,4500,2003,175813,Casselberry, FL,3G5DA03E63S579313,Buick,RendezvousCX
312,15491,2015,36951,Union City, GA,KL4CJASB2FB223064,Buick,EncoreFWD
313,16987,2015,22114,Dry Ridge, KY,KL4CJESB0FB164264,Buick,EncoreAWD
314,14618,2014,28071,Labelle, FL,KL4CJASB2EB739097,Buick,EncoreFWD
315,17995,2015,14819,Egg Harbor, NJ,KL4CJASB5FB205027,Buick,EncoreFWD
316,13674,2014,53537,Martin, TN,KL4CJASBXEB604496,Buick,EncoreFWD
317,16750,2015,15346,Louisville, KY,KL4CJASB7FB271935,Buick,EncoreFWD
318,19220,2016,4110,Edinburg, TX,KL4CJASB2GB724831,Buick,EncoreFWD
319,14725,2014,31231,Hyattsville, MD,KL4CJASB8EB543620,Buick,EncoreFWD
320,16495,2014,28457,San Antonio, TX,KL4CJBSB0EB678998,Buick,EncoreConvenience
321,16000,2015,42603,Chantilly, VA,KL4CJCSB7FB033840,Buick,EncoreLeather
322,14999,2014,27971,Schaumburg, IL,KL4CJBSB0EB647881,Buick,EncoreConvenience
323,14988,2014,37595,Morton, IL,KL4CJASB0EB591256,Buick,EncoreFWD
324,15730,2015,27787,Buford, GA,KL4CJASB6FB262899,Buick,EncoreFWD
325,15900,2014,26112,Ravenna, OH,KL4CJBSB7EB658540,Buick,EncoreConvenience
326,15991,2014,22312,West Palm Beach, FL,KL4CJBSB9EB599118,Buick,EncoreConvenience
327,,2006,,Logan, OH,5GADX33L26D145127,Buick,Terraza4dr
328,16739,2014,22760,Lebanon, NH,KL4CJESB7EB612109,Buick,EncoreAWD
329,17091,2015,21325,Purcell, OK,KL4CJBSB4FB209396,Buick,EncoreConvenience
330,18980,2015,17340,Fort Collins, CO,KL4CJESB4FB266067,Buick,EncoreAWD
331,17500,2015,16540,Bridgeton, NJ,KL4CJASB8FB184044,Buick,EncoreFWD
332,16855,2016,34926,Tallahassee, FL,KL4CJASB6GB693745,Buick,EncoreFWD
333,14500,2014,44237,Nicholasville, KY,KL4CJESB8EB527246,Buick,EncoreAWD
334,16541,2015,30564,Antioch, IL,KL4CJFSB1FB218841,Buick,EncoreConvenience
335,16698,2014,21249,Gaithersburg, MD,KL4CJBSB9EB594369,Buick,EncoreConvenience
336,16994,2016,21665,San Antonio, TX,KL4CJASB9GB564480,Buick,EncoreFWD
337,17697,2016,13211,Tallahassee, FL,KL4CJASB2GB537587,Buick,EncoreFWD
338,15950,2015,37483,Clanton, AL,KL4CJBSB0FB187025,Buick,EncoreConvenience
339,18274,2016,18290,Memphis, TN,KL4CJASB0GB711642,Buick,EncoreFWD
340,17488,2015,16998,Zelienople, PA,KL4CJESB7FB132797,Buick,EncoreAWD
341,18395,2015,6090,BLUFFTON, SC,KL4CJBSB1FB151604,Buick,EncoreConvenience
342,17777,2015,17637,Richmond, VA,KL4CJBSB0FB139704,Buick,EncoreConvenience
343,15997,2014,22902,Adrian, MI,KL4CJASBXEB778620,Buick,EncoreFWD
344,17000,2015,13096,Louisville, KY,KL4CJASB2FB188610,Buick,EncoreFWD
345,16400,2014,21546,Rhinelander, WI,KL4CJESB0EB605910,Buick,EncoreAWD
346,16996,2016,21747,West Seneca, NY,KL4CJASB8GB578967,Buick,EncoreFWD
347,15940,2015,25871,Newnan, GA,KL4CJBSB3FB190890,Buick,EncoreConvenience
348,10900,2014,78000,Austin, TX,KL4CJASB2EB555245,Buick,EncoreFWD
349,12888,2014,83550,Clarksville, TN,KL4CJBSB0EB647539,Buick,EncoreConvenience
350,15713,2014,31267,Henderson, NV,KL4CJBSB4EB684321,Buick,EncoreConvenience
351,16440,2015,44219,Mequon, WI,KL4CJBSB0FB117606,Buick,EncoreConvenience
352,18498,2016,19302,Dallas, GA,KL4CJBSBXGB557365,Buick,EncoreConvenience
353,17820,2016,11991,Moreno Valley, CA,KL4CJASB9GB669813,Buick,EncoreFWD
354,16897,2015,14536,Chattanooga, TN,KL4CJASB6FB206798,Buick,EncoreFWD
355,18990,2016,17864,Jacksonville, FL,KL4CJ1SM1GB612877,Buick,EncoreSport
356,18598,2016,14362,Tallahassee, FL,KL4CJASB9GB660920,Buick,EncoreFWD
357,17888,2015,27578,Fairfax, VA,KL4CJESB0FB216654,Buick,EncoreAWD
358,14900,2014,26112,Chicago, IL,KL4CJBSB5EB722011,Buick,EncoreConvenience
359,17497,2015,7440,Allentown, PA,KL4CJASB4FB227925,Buick,EncoreFWD
360,5993,2005,115374,Easton, PA,5GADV23L15D242706,Buick,Terraza4dr
361,17999,2016,19951,Hendersonville, NC,KL4CJASBXGB692985,Buick,EncoreFWD
362,17793,2015,19987,Whitesboro, TX,KL4CJCSB6FB211849,Buick,EncoreLeather
363,16897,2015,14865,Tulsa, OK,KL4CJASB9FB227290,Buick,EncoreFWD
364,15230,2015,31101,Philadelphia, PA,KL4CJBSB5FB178191,Buick,EncoreConvenience
365,13950,2014,41887,Ephrata, PA,KL4CJASB0EB784197,Buick,EncoreFWD
366,17880,2015,12999,Brooksville, FL,KL4CJASB4FB032181,Buick,EncoreFWD
367,16798,2015,22012,Avondale, AZ,KL4CJASB7FB268937,Buick,EncoreFWD
368,18000,2016,10389,Louisville, KY,KL4CJASB4GB576133,Buick,EncoreFWD
369,17197,2015,11528,Tampa, FL,KL4CJASB3FB216530,Buick,EncoreFWD
370,14770,2014,48390,Jacksonville, Fl,KL4CJASB5EB612313,Buick,EncoreFWD
371,19852,2017,8021,Henderson, NV,KL4CJASB6HB047008,Buick,EncoreFWD
372,14000,2014,41505,Seattle, WA,KL4CJASB1EB741746,Buick,EncoreFWD
373,15690,2015,40813,Belleville, IL,KL4CJASB6FB207207,Buick,EncoreFWD
374,16977,2015,19537,Dunn, NC,KL4CJASB2FB271213,Buick,EncoreFWD
375,18973,2016,7840,Mechanicsburg, PA,KL4CJASB2GB672486,Buick,EncoreFWD
376,17197,2015,11736,Miami, FL,KL4CJASB4FB251173,Buick,EncoreFWD
377,14997,2014,35983,Adrian, MI,KL4CJASB7EB766439,Buick,EncoreFWD
378,18900,2016,9669,Batesburg-Leesville, SC,KL4CJASB7GB550173,Buick,EncoreFWD
379,16497,2015,20196,Savannah, GA,KL4CJASB7FB188411,Buick,EncoreFWD
380,17999,2015,10588,Conyers, GA,KL4CJASB4FB267471,Buick,EncoreFWD
381,16700,2015,28577,Fairborn, OH,KL4CJBSB9FB046776,Buick,EncoreConvenience
382,17900,2016,10889,New Orleans, LA,KL4CJASB4GB530186,Buick,EncoreFWD
383,13800,2014,67496,Jacksonville, NC,KL4CJASB7EB649928,Buick,EncoreFWD
384,16698,2014,19064,Elmhurst, IL,KL4CJASB2EB762525,Buick,EncoreFWD
385,16500,2015,20239,Louisville, KY,KL4CJASB0FB265717,Buick,EncoreFWD
386,16801,2016,35063,State College, PA,KL4CJESB7GB582726,Buick,EncoreAWD
387,16500,2015,20279,Louisville, KY,KL4CJASB5FB266295,Buick,EncoreFWD
388,18780,2016,16479,Mcgregor, TX,KL4CJASB1GB545003,Buick,EncoreFWD
389,17984,2016,23537,Syracuse, NY,KL4CJESB6GB539236,Buick,EncoreAWD
390,16992,2015,15108,West Bend, WI,KL4CJASB2FB128276,Buick,EncoreFWD
391,18991,2016,13412,St. Louis, MO,KL4CJASB7GB610579,Buick,EncoreFWD
392,14874,2014,31861,Fort Worth, TX,KL4CJBSBXEB629288,Buick,EncoreConvenience
393,14990,2014,,Catonsville, MD,KL4CJFSB4EB663685,Buick,EncoreConvenience
394,14998,2014,29896,Oakfield, NY,KL4CJCSB4EB622326,Buick,EncoreLeather
395,17986,2015,20881,Clearwater, FL,KL4CJCSB9FB141585,Buick,EncoreLeather
396,17940,2016,16368,Homosassa, FL,KL4CJASB7GB616463,Buick,EncoreFWD
397,17000,2014,15447,Indianapolis, IN,KL4CJASB1EB690829,Buick,EncoreFWD
398,16820,2015,26418,Elmhurst, IL,KL4CJASB9FB044858,Buick,EncoreFWD
399,17277,2014,19555,Decatur, TX,KL4CJASB4EB782193,Buick,EncoreFWD
400,14995,2015,45350,Collinsville, IL,KL4CJBSB0FB173982,Buick,EncoreConvenience
401,16495,2015,20591,Bountiful, UT,KL4CJASB8FB062994,Buick,EncoreFWD
402,18214,,15389,Houston, TX,KL4CJASB8GB568116,Buick,EncoreFWD
403,12987,2014,65083,Franklin, TN,KL4CJASBXEB783834,Buick,EncoreFWD
404,17250,2016,20199,Grand Rapids, MI,KL4CJASB0GB560673,Buick,EncoreFWD
405,17897,2015,3854,Greensboro, NC,KL4CJASB3FB150061,Buick,EncoreFWD
406,20996,2016,4603,San Antonio, TX,KL4CJ1SMXGB600548,Buick,EncoreSport
407,18000,2015,14952,Birmingham, AL,KL4CJASB1FB208071,Buick,EncoreFWD
408,10555,2013,81208,Sunnyvale, CA,KL4CJASB7DB155129,Buick,EncoreEncore
409,18000,2016,11314,Louisville, KY,KL4CJASB0GB578011,Buick,EncoreFWD
410,15422,2015,41729,Spring, TX,KL4CJASB1FB153881,Buick,EncoreFWD
411,18495,2015,11861,Abilene, KS,KL4CJESB2FB260994,Buick,EncoreAWD
412,17995,2015,12631,Las Cruces, NM,KL4CJASB5FB185054,Buick,EncoreFWD
413,15995,2015,26906,Mchenry, IL,KL4CJASB8FB192953,Buick,EncoreFWD
414,16798,2014,18596,Morristown, TN,KL4CJASB1EB586843,Buick,EncoreFWD
415,12500,2015,69145,Van Nuys, CA,KL4CJASB8FB240788,Buick,EncoreFWD
416,16797,2015,17426,Fresno, CA,KL4CJASB3FB245140,Buick,EncoreFWD
417,17715,2015,22543,Warminster, PA,KL4CJASB5FB242336,Buick,EncoreFWD
418,16960,2015,23714,Rosenberg, TX,KL4CJASB3FB264738,Buick,EncoreFWD
419,15994,2015,27145,Seffner, FL,KL4CJCSB2FB244380,Buick,EncoreLeather
420,15299,2014,30598,Fishers, IN,KL4CJASB7EB784908,Buick,EncoreFWD
421,16995,2015,32362,Peoria, AZ,KL4CJBSB9FB242216,Buick,EncoreConvenience
422,16250,2015,24202,Louisville, KY,KL4CJASB9FB236460,Buick,EncoreFWD
423,18974,2016,8263,Lima, OH,KL4CJESB0GB715469,Buick,EncoreAWD
424,17297,2015,11625,Montgomery, AL,KL4CJASB1FB237067,Buick,EncoreFWD
425,17995,2015,13961,Chelsea, MI,KL4CJFSB0FB237266,Buick,EncoreConvenience
426,17999,2015,8492,Royal Oak, MI,KL4CJBSB2FB200986,Buick,EncoreConvenience
427,16299,2014,26647,Houston, TX,KL4CJBSB0EB735880,Buick,EncoreConvenience
428,13545,2014,63254,Englewood, CO,KL4CJBSB8EB533692,Buick,EncoreConvenience
429,17857,2016,21838,Buckeye, AZ,KL4CJASB5GB527457,Buick,EncoreFWD
430,15897,2013,24737,Marlton, NJ,KL4CJASB5DB181440,Buick,EncoreEncore
431,17034,2015,24741,Fort Smith, AR,KL4CJASB4FB235958,Buick,EncoreFWD
432,17488,2015,19274,Houston, TX,KL4CJBSB9FB240515,Buick,EncoreConvenience
433,16291,2015,29528,GILBERT, AZ,KL4CJASB5FB107356,Buick,EncoreFWD
434,16999,2015,15390,Dallas, TX,KL4CJBSB5FB260874,Buick,EncoreConvenience
435,16291,2015,29572,GILBERT, AZ,KL4CJASB7FB076725,Buick,EncoreFWD
436,17900,2015,19282,Omaha, NE,KL4CJBSB6FB182881,Buick,EncoreConvenience
437,17038,2015,29478,Shrewsbury, NJ,KL4CJFSB5FB174035,Buick,EncoreConvenience
438,17544,2015,18691,Zanesville, OH,KL4CJASB8FB252312,Buick,EncoreFWD
439,20499,2017,4120,Jacksonville, NC,KL4CJASB3HB030361,Buick,EncoreFWD
440,15995,2012,75686,Union City, GA,1G4PS5SKXC4125777,Buick,Verano4dr
441,3995,2006,48450,Calais, ME,3G5DB03L56S561465,Buick,Rendezvous4dr
442,15000,2014,43341,Birmingham, AL,KL4CJBSB1EB569899,Buick,EncoreConvenience
443,16520,2014,19557,Houston, TX,KL4CJASB6EB781367,Buick,EncoreFWD
444,17998,2015,19883,Littleton, CO,KL4CJESB6FB234320,Buick,EncoreAWD
445,11907,2013,69760,Warner Robins, GA,KL4CJASB7DB116931,Buick,EncoreEncore
446,17500,2015,19474,Stockton, CA,KL4CJASB8FB243755,Buick,EncoreFWD
447,16500,2015,,Louisville, KY,KL4CJASBXFB237732,Buick,EncoreFWD
448,14969,2014,35918,Palestine, TX,KL4CJBSBXEB683125,Buick,EncoreConvenience
449,18000,2015,21630,Harrisonville, MO,KL4CJCSBXFB218691,Buick,EncoreLeather
450,16935,2014,27293,Sea Girt, NJ,KL4CJASBXEB783977,Buick,EncoreFWD
451,18885,2015,4119,Sarasota, FL,KL4CJFSB1FB267344,Buick,EncoreConvenience
452,16500,2015,21898,Louisville, KY,KL4CJASB4FB265252,Buick,EncoreFWD
453,17569,2016,21336,Fishers, IN,KL4CJASB3GB545276,Buick,EncoreFWD
454,16987,2015,25936,Columbus, OH,KL4CJBSB1FB162571,Buick,EncoreConvenience
455,16946,2014,37494,Sullivan, IN,KL4CJBSB7EB532968,Buick,EncoreConvenience
456,18941,2016,13480,Salisbury, MD,KL4CJASB2GB531806,Buick,EncoreFWD
457,18995,2016,10469,Oakdale, CA,KL4CJASB8GB662982,Buick,EncoreFWD
458,18499,2016,16491,FLAGSTAFF, AZ,KL4CJASB0GB667853,Buick,EncoreFWD
459,,2016,12711,Louisville, KY,KL4CJASB0GB569387,Buick,EncoreFWD
460,14990,2012,98297,Columbus, MS,1G4PP5SKXC4187620,Buick,Verano4dr
461,15000,2014,31663,Louisville, KY,KL4CJASB5EB782431,Buick,EncoreFWD
462,20580,2017,14928,Killeen, TX,KL4CJCSB7HB007385,Buick,EncoreFWD
463,16750,2015,19260,Louisville, KY,KL4CJASB2FB238051,Buick,EncoreFWD
464,15599,2014,34762,Elgin, IL,KL4CJBSB6EB575178,Buick,EncoreConvenience
465,17795,2016,25578,Broken Arrow, OK,KL4CJ1SM0GB745632,Buick,EncoreSport
466,16197,2015,25995,Columbus, GA,KL4CJASB7FB238448,Buick,EncoreFWD
467,16900,2015,20066,New Hudson, MI,KL4CJESB6FB239663,Buick,EncoreAWD
468,14312,2014,57908,Conway, AR,KL4CJASB1EB575132,Buick,EncoreFWD
469,18250,2016,9955,Louisville, KY,KL4CJASB1GB526242,Buick,EncoreFWD
470,16597,2015,21264,Fresno, CA,KL4CJASB4FB267616,Buick,EncoreFWD
471,14734,2014,48621,Edmond, OK,KL4CJCSB9EB713947,Buick,EncoreLeather
472,18498,2015,11389,St. Petersburg, FL,KL4CJCSB9FB196621,Buick,EncoreLeather
473,14000,2014,52089,Bedford, OH,KL4CJCSB9EB633791,Buick,EncoreLeather
474,18990,2016,17915,Green Bay, WI,KL4CJESB0GB643303,Buick,EncoreAWD
475,18479,2015,14769,Merriam, KS,KL4CJDSB2FB185966,Buick,EncorePremium
476,15995,2014,20088,Jourdanton, TX,KL4CJASB8EB602763,Buick,EncoreFWD
477,16397,2015,23872,Charleston, SC,KL4CJASB1FB171099,Buick,EncoreFWD
478,18995,2015,2415,Merrillville, IN,KL4CJBSBXFB178784,Buick,EncoreConvenience
479,14995,2014,34003,Cincinnati, OH,KL4CJBSB9EB742634,Buick,EncoreConvenience
480,15250,2015,37702,Louisville, KY,KL4CJASB9FB229914,Buick,EncoreFWD
481,18962,2016,22383,Pontiac, IL,KL4CJBSB6GB516439,Buick,EncoreConvenience
482,17749,2015,11069,Burlington, NJ,KL4CJESB2FB180921,Buick,EncoreAWD
483,15500,2014,26108,Louisville, KY,KL4CJASB0EB717857,Buick,EncoreFWD
484,16894,2015,30582,Tempe, AZ,KL4CJASB1FB112943,Buick,EncoreFWD
485,17988,2015,15535,Laguna Niguel, CA,KL4CJBSB5FB231519,Buick,EncoreConvenience
486,17197,2015,14353,Mesa, AZ,KL4CJASB6FB242507,Buick,EncoreFWD
487,16432,2014,24880,Elmhurst, IL,KL4CJASB4EB616207,Buick,EncoreFWD
488,17588,2015,24291,Strongsville, OH,KL4CJCSB6FB055909,Buick,EncoreLeather
489,16000,2014,20277,Louisville, KY,KL4CJASB7EB595529,Buick,EncoreFWD
490,14677,2013,38607,Sarasota, FL,KL4CJBSB4DB062526,Buick,EncoreConvenience
491,13990,2013,35930,Twinsburg, OH,KL4CJFSB1DB104870,Buick,EncoreConvenience
492,15300,2014,38587,Brownsville, TX,KL4CJASB2EB621776,Buick,EncoreFWD
493,17997,2015,24393,New Smyrna Beach, FL,KL4CJASB6FB230129,Buick,EncoreFWD
494,15477,2014,41310,Garner, NC,KL4CJCSB2EB699373,Buick,EncoreLeather
495,16250,2015,26057,Louisville, KY,KL4CJASB0FB175452,Buick,EncoreFWD
496,16495,2015,30356,Vacaville, CA,KL4CJASB5FB053332,Buick,EncoreFWD
497,18999,2016,10060,Conyers, GA,KL4CJBSB7GB595250,Buick,EncoreConvenience
498,16995,2015,27802,Chelsea, MI,KL4CJESB6FB239761,Buick,EncoreAWD
499,14895,2015,46243,Wappingers Falls, NY,19VDE1F35FE006900,Acura,ILX5-Speed
500,18832,2015,9132,Brooklyn, NY,19VDE1F35FE010834,Acura,ILX5-Speed
501,22000,2017,10,Chicago, IL,19UDE2F35HA011597,Acura,ILXAutomatic
502,18990,2012,23099,Portland, OR,JH4CU2F66CC031084,Acura,TSXAutomatic
503,17890,2015,24007,Temple Hills, MD,19VDE1F39FE007287,Acura,ILX5-Speed
504,14995,2013,45907,Manassas, VA,19VDE1F3XDE016299,Acura,ILX5-Speed
505,18490,2014,54500,Virginia Beach, VA,JH4CU2F41EC004070,Acura,TSX5-Speed
506,16900,2012,58915,Albuquerque, NM,JH4CU2F49CC003374,Acura,TSXAutomatic
507,14690,2011,73227,Costa Mesa, CA,JH4CU2F62BC018637,Acura,TSX4dr
508,12983,2013,98298,Madison, WI,19VDE1F7XDE001580,Acura,ILX5-Speed
509,17599,2013,23713,Westport, CT,19UUA8F2XDA015967,Acura,TLBase
510,19440,2016,51814,Newnan, GA,19UDE2F70GA011055,Acura,ILXAutomatic
511,4995,2004,149872,Philadelphia, PA,JH4CL96854C018499,Acura,TSXAutomatic
512,12970,2009,69334,Jefferson City, MO,19UUA86599A016805,Acura,TL4dr
513,8995,2008,98706,Norfolk, VA,19UUA662X8A050129,Acura,TL4dr
514,15772,2012,76678,Monroeville, PA,19UUA9F57CA004648,Acura,TLSH-AWD
515,9990,2006,90026,Arlington, TX,19UUA66226A061848,Acura,TLAutomatic
516,10299,2008,102476,Raleigh, NC,19UUA66228A023636,Acura,TL4dr
517,3997,2001,124846,Stafford, VA,19UUA56771A019755,Acura,TLAutomatic
518,9999,2008,118535,Englewood, CO,19UUA66208A005667,Acura,TL4dr
519,9495,2008,131639,Fayetteville, NC,19UUA66298A050431,Acura,TL4dr
520,8988,2006,131760,Houston, TX,19UUA66276A016467,Acura,TLAutomatic
521,15896,2011,71356,Winston Salem, NC,5J8TB2H57BA006041,Acura,RDXFWD
522,14350,2010,78697,Paramus, NJ,5J8TB1H56AA005231,Acura,RDXAWD
523,20890,2014,31967,Rockville, MD,JH4CU2E81EC000590,Acura,TSXSpecial
524,15980,2012,81719,Pacoima, CA,5J8TB2H53CA001713,Acura,RDXFWD
525,13800,2010,78631,Chapel Hill, NC,JH4CU2F60AC006811,Acura,TSX4dr
526,25000,2016,13971,McKinney, TX,19UUB1F36GA002098,Acura,TLXFWD
527,25199,2016,3206,Verona, NJ,19UUB1F37GA003311,Acura,TLXFWD
528,21899,2014,52675,Dallas, TX,5J8TB3H50EL013315,Acura,RDXFWD
529,22675,2015,27047,Larchmont, NY,19UUB1F33FA001005,Acura,TLXFWD
530,22788,2013,40617,Valencia, CA,5J8TB3H5XDL017287,Acura,RDXwith
531,17777,2015,90970,Chantilly, VA,19UUB1F55FA002920,Acura,TLXFWD
532,23899,2015,18911,Windsor, CO,19UUB2F53FA024419,Acura,TLXFWD
533,17977,2015,26456,Akron, OH,19VDE1F30FE006593,Acura,ILX5-Speed
534,15695,2009,99376,Houston, TX,5J8TB18529A001804,Acura,RDXAWD
535,23926,2015,37578,Chicago, IL,19UUB2F53FA006468,Acura,TLXFWD
536,27990,2017,10427,Charlotte, NC,19UUB1F31HA001376,Acura,TLXFWD
537,26794,2016,21978,Tempe, AZ,19UUB2F32GA001875,Acura,TLXFWD
538,12977,2013,103535,Akron, OH,JH4CU2F41DC004584,Acura,TSX5-Speed
539,29815,2017,4508,Bethesda, MD,19UUB1F58HA005149,Acura,TLXFWD
540,26883,2015,18811,Middle Island, NY,19UUB3F56FA003781,Acura,TLXSH-AWD
541,27480,2015,27488,Philadelphia, PA,5J8TB3H32FL012134,Acura,RDXFWD
542,12990,2012,,Sacramento, CA,19UUA8F58CA005592,Acura,TL2WD
543,25988,2015,29069,Littleton, NH,19UUB2F59FA001243,Acura,TLXFWD
544,6995,2004,132345,Conroe, TX,2HNYD18884H522183,Acura,MDX4WD
545,31290,2015,13998,Englewood, CO,5J8TB4H55FL008067,Acura,RDXAWD
546,14500,2011,109797,Wolcott, NY,2HNYD2H67BH530471,Acura,MDXAWD
547,33495,2017,5186,Langhorne, PA,5J8TB4H37HL028810,Acura,RDXAWD
548,30995,2017,4339,West Nyack, NY,19UUB2F53HA000480,Acura,TLXFWD
549,9988,2006,132182,Englewood, CO,2HNYD18266H537859,Acura,MDX4WD
550,34800,2017,9516,Peoria, AZ,5J8TB4H57HL013810,Acura,RDXAWD
551,22426,2013,59129,Chicago, IL,2HNYD2H23DH524232,Acura,MDXBase
552,17490,2010,117079,Roanke, VA,2HNYD2H57AH520514,Acura,MDXAWD
553,29688,2015,22189,Tukwila, WA,19UUB2F52FA023651,Acura,TLXFWD
554,16995,2007,74357,Kihel, HI,2HNYD28207H535497,Acura,MDX4WD
555,4000,2004,209762,Tigard, OR,2HNYD18704H505577,Acura,MDX4WD
556,7995,2005,103469,Reading, PA,19UUA66265A015969,Acura,TLAutomatic
557,34702,2016,23380,Morton Grove, IL,5J8TB4H59GL006582,Acura,RDXAWD
558,24777,2013,62552,Phoenix, AZ,2HNYD2H33DH523669,Acura,MDXwith
559,29495,2014,34897,Brooklyn Center, MN,5FRYD4H23EB047891,Acura,MDXAWD
560,36771,2017,8324,Naperville, IL,19UUB3F56HA002746,Acura,TLXSH-AWD
561,29991,2015,41477,Riverside, CA,5FRYD3H4XFB001729,Acura,MDXFWD
562,29987,2014,35848,Springfield, NJ,5FRYD4H24EB038844,Acura,MDXAWD
563,30686,2015,38720,Tracy, CA,5FRYD3H41FB008911,Acura,MDXFWD
564,30950,2014,30586,Randallstown, MD,5FRYD4H41EB033067,Acura,MDXAWD
565,32735,2016,40313,Woodside, NY,5FRYD4H49GB009523,Acura,MDXSH-AWD
566,32500,2015,44610,Indiana, PA,5FRYD4H41FB016304,Acura,MDXAWD
567,34390,2015,41065,Chamblee, GA,5FRYD3H4XFB005926,Acura,MDXFWD
568,38000,2016,14227,Littleton, CO,5FRYD4H28GB047355,Acura,MDXSH-AWD
569,34341,2015,49520,Colorado Springs, CO,5FRYD4H43FB016658,Acura,MDXAWD
570,35000,2015,29253,Larchmont, NY,5FRYD4H45FB018864,Acura,MDXAWD
571,37843,2016,26030,Chantilly, VA,5FRYD4H4XGB027349,Acura,MDXSH-AWD
572,37500,2016,34895,Lynnwood, WA,5FRYD4H2XGB032548,Acura,MDXSH-AWD
573,40900,2017,7039,Houston, TX,5FRYD3H35HB011448,Acura,MDXFWD
574,39488,2016,23977,Gaithersburg, MD,5FRYD4H40GB037906,Acura,MDXSH-AWD
575,38587,2015,23637,Springfield, NJ,5FRYD4H89FB015940,Acura,MDXAWD
576,38420,2015,31287,Larchmont, NY,5FRYD4H85FB011240,Acura,MDXAWD
577,43900,2017,7071,Houston, TX,5FRYD3H53HB011210,Acura,MDXFWD
578,42988,2016,18436,Aurora, CO,5FRYD4H64GB045850,Acura,MDXSH-AWD
579,42485,2016,32506,Plano, TX,5FRYD4H99GB009839,Acura,MDXSH-AWD
580,37900,2016,32990,Colorado Springs, CO,5FRYD4H24GB019651,Acura,MDXSH-AWD
581,26991,2014,54914,Sarasota, FL,JH4KC1F51EC005060,Acura,RLXwith
582,36988,2015,35149,Fremont, CA,5FRYD4H41FB018053,Acura,MDXAWD
583,47835,2018,19,Seattle, WA,ZASFAKPN0J7B63378,Alfa,Romeo
584,111500,2014,15335,Lawrenceville, NJ,SCFFDABM3EGB15442,Aston,Martin
585,7450,2007,81506,Columbus, OH,WAUAF78E07A237228,Audi,A42007
586,12950,2010,52817,Daytona, FL,WAUAFAFL5AN039680,Audi,A44dr
587,16945,2013,46778,Lake Park, FL,WAUEFAFL8DN046581,Audi,A42.0T
588,7995,2006,91668,Indianapolis, IN,WAUDF78E06A231733,Audi,A44dr
589,17268,2013,59100,Las Vegas, NV,WAUEFAFL6DN035062,Audi,A42.0T
590,14999,2013,80988,Raleigh, NC,WAUBFAFL5DN038943,Audi,A42.0T
591,18988,2014,47110,Madison, TN,WAUBFAFLXEA068982,Audi,A42.0T
592,22378,2014,24596,Devon, PA,WAUBFAFL9EN040003,Audi,A42.0T
593,21975,2014,30997,Scottsdale, AZ,WAUAFAFL1EN037074,Audi,A42.0T
594,23799,2015,22467,N. Miami Beach, FL,WAUAFAFL1FN001533,Audi,A42.0T
595,21500,2015,51855,Louisville, KY,WAUBFAFLXFN035989,Audi,A42.0T
596,25991,2015,13182,Jacksonville, FL,WAUAFAFL0FN013995,Audi,A42.0T
597,19999,2015,16549,Montebello, CA,WAUBFGFF2F1002876,Audi,A3Sedan
598,25499,2015,28728,Middletown, RI,WAUDFAFL3FN005113,Audi,A42.0T
599,21890,2015,19639,Lafayette, IN,WAUCCGFF8F1018061,Audi,A3Sedan
600,19450,2015,38710,Fredericksburg, VA,WAUACGFF5F1018591,Audi,A3Sedan
601,24995,2015,41439,Long Island City, NY,WAUBFAFL3FN027488,Audi,A42.0T
602,29900,2017,5278,Portland, OR,WAUGNAF48HN036868,Audi,A4Premium
603,9495,2007,115824,Columbus, OH,WAUEV74F57N160688,Audi,A64dr
604,29759,2015,24417,Morton Grove, IL,WAUFFAFL9FN006887,Audi,A42.0T
605,23888,2015,13277,Bellevue, WA,WAUBFGFF4F1002894,Audi,A3Sedan
606,14995,2011,100355,Sacramento, CA,WAUKGAFB2BN033359,Audi,A64dr
607,24995,2015,22315,Greenville, NC,WAUBFGFF5F1082352,Audi,A3Sedan
608,26555,2016,15213,Saint Cloud, MN,WAUB8GFF0G1011491,Audi,A3Sedan
609,21788,2014,57415,Cerritos, CA,WAURFAFR3EA001501,Audi,A52.0T
610,24125,2014,43725,Virginia Beach, VA,WAULFAFR0EA008167,Audi,A52.0T
611,35000,2017,5598,Burlingame, CA,WAUDNAF47HN040879,Audi,A4Season
612,8490,2005,91500,Fredericksburg, VA,WUARL48H65K900416,Audi,S42dr
613,22999,2013,39675,West Palm Beach, FL,WAUAFAFH9DN002065,Audi,A52.0T
614,23500,2013,39003,Merriam, KS,WAUAFAFH6DN000208,Audi,A52.0T
615,23750,2012,62668,Grapevine, TX,WAUHGAFC5CN066683,Audi,A64dr
616,29995,2015,6848,Raleigh, NC,WAU5CLFF4F1122662,Audi,A3Cabriolet
617,25900,2014,33413,Plano, TX,WAULFAFH3EN011841,Audi,A52.0T
618,27920,2014,43149,Chicago, IL,WAUGFAFC8EN009959,Audi,A62.0T
619,37771,2017,9448,Chicago, IL,WAUDNAF41HN057984,Audi,A4Season
620,28780,2014,29000,Golden, CO,WAUGFAFC3EN038334,Audi,A62.0T
621,9990,2007,109868,Tuscon, AZ,WA1AY74L77D047890,Audi,Q7quattro
622,26990,2014,68158,St Louis, MO,WAUHGAFCXEN088813,Audi,A63.0T
623,15988,2011,98021,Whitman, MA,WA1LFAFP3BA089110,Audi,Q5quattro
624,18945,2011,66787,Canton, MA,WA1DKAFP0BA037840,Audi,Q5quattro
625,19973,2013,80677,Maitland, FL,WA1LFAFP5DA056760,Audi,Q52.0T
626,21486,2012,53315,Southborogh, MA,WA1DKAFP5CA064131,Audi,Q5quattro
627,18629,2012,92780,Beaverton, OR,WA1DKAFP3CA008656,Audi,Q5quattro
628,17351,2010,88367,Matteson, IL,WA1LYAFEXAD003037,Audi,Q7quattro
629,26677,2012,28110,Dulles, VA,WAUBGAFL0CA114734,Audi,S44dr
630,22950,2011,47901,Phoenix, AZ,WA1DKAFP2BA088918,Audi,Q5quattro
631,25500,2014,56642,Newark, CA,WA1CFAFP0EA083902,Audi,Q52.0T
632,13988,2008,121480,Boise, ID,WA1BV74L68D024339,Audi,Q7quattro
633,32998,2015,43767,Merriam, KS,WAUMFAFH8FN003059,Audi,A52.0T
634,28995,2015,32304,Roseville, CA,WA1EFCFS3FR005156,Audi,Q3quattro
635,19388,2010,86089,Mt. Juliet, TN,WA1LYAFE4AD007357,Audi,Q7quattro
636,27991,2015,37221,Grapevine, TX,WA1EFCFS4FR000659,Audi,Q3quattro
637,31995,2017,3233,Long Island City, NY,WA1ECCFS5HR006322,Audi,Q3quattro
638,36989,2015,42440,Morton Grove, IL,WAUHGAFC0FN009716,Audi,A63.0T
639,30199,2014,37428,Clearwater, FL,WA1LFAFPXEA063429,Audi,Q52.0T
640,19881,2008,47111,Bethesda, MD,TRURD38J881003363,Audi,TT3.2L
641,32989,2015,18437,Victor, NY,WAUBFGFF6F1117397,Audi,S3Premium
642,29480,2015,50022,Philadelphia, PA,WA1LFAFP5FA043722,Audi,Q52.0T
643,26995,2014,45097,Stonington, CT,WA1TFAFL4EA052312,Audi,allroad2.0T
644,34000,2015,27940,Columbus, OH,WA1LFAFP1FA045497,Audi,Q52.0T
645,33927,2016,8595,Cockeysville, MD,WA1EFCFS2GR011290,Audi,Q3quattro
646,27331,2012,67591,Garden Grove, CA,WA1DGAFE1CD010419,Audi,Q7quattro
647,32500,2015,41407,Salt Lake, UT,WA1LFAFP1FA104936,Audi,Q52.0T
648,30000,2013,50464,Hinsdale, IL,WA1LGAFE6DD001857,Audi,Q73.0T
649,43380,2017,7047,Philadelphia, PA,WAUC8AFC4HN028523,Audi,A62.0T
650,26500,2015,30876,Palo Alto, CA,WAUEFGFF8F1017069,Audi,A3Sedan
651,30888,2014,59533,Norman, OK,WA1LGAFE8ED007662,Audi,Q73.0T
652,39493,2017,16250,Roswell, GA,WA1L2AFP4HA030586,Audi,Q52.0
653,33875,2017,1000,Palo Alto, CA,WAUAUGFF7H1050684,Audi,A3
654,33762,2015,30105,Torrance, CA,WA1UFAFL9FA093377,Audi,allroad2.0T
655,32995,2014,54823,Manassas, VA,WA1LGAFEXED001989,Audi,Q73.0T
656,34991,2014,45659,Westmont, IL,WA1LGAFE6ED018854,Audi,Q73.0T
657,45881,2016,1735,Brentwood, TN,WAUM2AFH3GN011602,Audi,A52.0T
658,42777,2018,6,Grapevine, TX,WA1JCCFS9JR002407,Audi,Q3Premium
659,31881,2013,62869,Anaheim, CA,WAURGAFDXDN004405,Audi,A8
660,37500,2015,43806,Framingham, MA,WA1LGAFE7FD001482,Audi,Q73.0T
661,14995,2009,98858,Indianapolis, IN,WA1AY74L39D003307,Audi,Q7quattro
662,22999,2013,60873,Trevose, PA,WA1LFAFP0DA006381,Audi,Q52.0T
663,39995,2015,33260,Concord, CA,WA1LGAFE4FD003576,Audi,Q73.0T
664,34500,2014,51141,Union City, GA,WAUA2AFD8EN003072,Audi,A84.0T
665,45500,2016,21341,Atlanta, GA,WA1CVAFP2GA015977,Audi,Q5quattro
666,39991,2017,6414,Grapevine, TX,WA1C2AFP8HA042756,Audi,Q52.0
667,43950,2014,31622,Littleton, CO,WA1DGAFE5ED016100,Audi,Q73.0T
668,41544,2017,7042,Upper Saddle River, NJ,WA1L2AFP1HA016970,Audi,Q52.0
669,38998,2014,73585,Webster, TX,WAUF2AFC2EN066438,Audi,S6quattro
670,59497,2017,5609,Morton Grove, IL,WAUH2AFC6HN079111,Audi,A63.0T
671,31995,2011,66277,Englewood, CO,WAURVAFD3BN011151,Audi,A8
672,47999,2013,60853,Marrieta, GA,WAUD2AFD1DN009887,Audi,S8quattro
673,53993,2014,34142,Atlanta, GA,WAUD2AFD3EN006152,Audi,S8quattro
674,39989,2014,42665,Colorado Springs, CO,WA1DGAFE8ED019623,Audi,Q73.0T
675,62987,2017,1870,Sanford, FL,WA1VAAF70HD044477,Audi,Q73.0T
676,60995,2013,26005,Austin, TX,WAUR4AFD6DN025048,Audi,A8
677,79900,2015,13018,Paterson, NJ,WUAW2BFC8FN900323,Audi,RS
678,99000,2011,12714,Downers Grove, IL,WUADNAFG8BN000544,Audi,R82dr
679,56999,2009,62173,Marrieta, GA,SCBBR93WX9C057923,Bentley,Continental
680,79500,2007,19267,Raleigh, NC,SCBDR33W67C048204,Bentley,Continental
681,138991,2014,21710,Anaheim, CA,SCBFH7ZA6EC095017,Bentley,Continental
682,8989,2009,70509,Spring Branch, TX,WBAPH77599NM29555,BMW,3
683,17750,2014,33026,San Antonio, TX,WBA3C3G53ENS67891,BMW,3
684,18000,2014,49669,Sarasota, FL,WBA3B1C50EPV79376,BMW,3
685,16888,2014,49877,Orlando, FL,WBA3B1C57EP680544,BMW,3
686,16788,2014,33140,Miami, FL,WBAVM1C54EVW55308,BMW,X1sDrive28i
687,8450,2008,96236,Grove City, OH,WBAVC93548KZ73002,BMW,3
688,14595,2014,20291,Doral, FL,WBY1Z2C55EVX51584,BMW,i3Hatchback
689,19789,2014,45133,Edmond, OK,WBA3B1C59EK135376,BMW,3
690,10995,2009,81422,Great Neck, NY,WBAPK53509A645541,BMW,3
691,16995,2013,55811,Kinston, NC,WBA3A5C52DF357291,BMW,3
692,19999,2016,37682,West Park, FL,WBA8E9G59GNT82436,BMW,3
693,9994,2006,87459,Greenville, SC,WBABW534X6PL54706,BMW,3
694,14500,2011,64440,Longmont, CO,WBAPK5G57BNN25793,BMW,3
695,16500,2011,41914,Kansas City, MO,WBAPK5C53BF127612,BMW,3
696,19988,2014,33263,Union City, GA,WBA3C3C56EP661444,BMW,3
697,15595,2013,73360,Riverside, CA,WBAKE5C53DJ107023,BMW,3
698,18862,2013,50934,Buford, GA,WBA3A5C52DF351703,BMW,3
699,19895,2014,50157,Winter Park, FL,WBA3D3C53EK156472,BMW,3
700,20490,2015,37964,Plano, TX,WBA3B1G57FNT02294,BMW,3
701,18491,2013,43450,Pembroke Pines, FL,WBA3A5C5XDF359323,BMW,3
702,16388,2014,67053,Monroe, NC,WBAVM1C57EVW50300,BMW,X1sDrive28i
703,21990,2016,32933,West Park, FL,WBA8E9G55GNT83177,BMW,3
704,22430,2016,28953,Buford, GA,WBA8E9G51GNT43808,BMW,3
705,6800,2002,67063,Lincoln, NE,WBADT43412GY40200,BMW,5
706,6499,2007,105959,Roswell, GA,WBANE73597CM54342,BMW,5
707,9995,2008,88282,Stafford, VA,WBANW13578CZ83428,BMW,5
708,19999,2014,46578,Miami, FL,WBA3D5C56EKX98048,BMW,3
709,24997,2015,17250,San Francisco, CA,WBA3B1C59FK141406,BMW,3
710,14899,2011,88961,Schaumburg, IL,WBAPK7G5XBNN78600,BMW,3
711,23000,2015,33205,Little Rock, AR,WBA3B1C57FP831402,BMW,3
712,24469,2015,25860,Irvine, CA,WBA3B1C58FK136925,BMW,3
713,20990,2014,41310,Plano, TX,WBA3A5G53ENP27178,BMW,3
714,19898,2015,19690,Bellevue, WA,WBY1Z2C50FV286486,BMW,i3Hatchback
715,13995,2009,95060,Houston, TX,WBAPM77579NL87754,BMW,3
716,22990,2014,41378,Minnetonka, MN,WBA3B3C59EJ978768,BMW,3
717,15000,2012,101589,Phoenix, AZ,WBA3A5C52CF342224,BMW,3
718,24788,2016,25562,Wilmington, DE,WBA8E3C58GK502960,BMW,3
719,9995,2006,112730,San Diego, CA,WBAVB13556PT04273,BMW,3
720,21995,2014,38392,Westborough, MA,WBA3B3C5XEF545334,BMW,3
721,7333,2002,112940,Manassas, VA,WBABS33482PG83014,BMW,3
722,23820,2014,38531,Newport News, VA,WBA3A5G51ENP29334,BMW,3
723,17924,2014,91368,FONTANA, CA,WBA3C1C56EK107726,BMW,3
724,21700,2014,47235,Lexington, KY,WBA3D5C53EKX97861,BMW,3
725,8890,,133809,Santa Ana, CA,WBAVB17576NK32465,BMW,3
726,29375,2017,9557,Escondido, CA,WBA8E1G57HNU12522,BMW,3
727,23986,2012,16066,Saint James, NY,WBADW7C50CE730687,BMW,3
728,19995,2014,27533,Henderson, NV,WBY1Z4C59EVX63264,BMW,i3Hatchback
729,7999,2006,95494,Las Vegas, NV,WBXPA93426WG77741,BMW,X3AWD
730,7998,2005,103000,La Habra, CA,WBANB33505CN67515,BMW,5
731,23549,2014,34669,Lafayette, IN,WBA3B5G56ENS07344,BMW,3
732,20995,2014,61404,Grand Rapids, MI,WBAVM5C54EVV91441,BMW,X1xDrive35i
733,26844,2016,36620,Olympia, WA,WBA8E9C55GK644573,BMW,3
734,9495,2006,,Newport News, VA,WBXPA93426WD33018,BMW,X3AWD
735,9885,2008,112340,Wilmington, CA,WBANW53538CT48374,BMW,5
736,10999,2008,100551,Bellingham, WA,WBANV935X8CW55051,BMW,5
737,12000,2011,117717,Pinellas Park, FL,5UXWX5C5XBL710307,BMW,X3AWD
738,,2013,39864,Fayetteville, NC,WBAKF9C54DE860346,BMW,3
739,24850,2014,30507,Monterey Park, CA,WBA3A5G56ENP31905,BMW,3
740,26000,2014,26158,Arlington, TX,WBA3B5C59EF599915,BMW,3
741,17899,2011,52085,Phoenix, AZ,WBAFR1C55BC742048,BMW,5
742,26000,2014,39146,Berkeley, CA,WBA3A5G51ENP26661,BMW,3
743,18497,2012,65819,Concord, NC,WBAXG5C55CDY29722,BMW,5
744,26742,2014,28556,Norwalk, CA,WBA3C1C50EK107348,BMW,3
745,27900,2014,9689,Huntington Station, NY,WBA3B5G53ENS09455,BMW,3
746,22995,2012,48361,Brea, CA,WBAKG7C56CE802836,BMW,3
747,16999,2012,82123,Manassas, VA,WBAXH5C56CDW05517,BMW,5
748,17977,2012,72367,Hillside, NJ,WBAXH5C58CDW07477,BMW,5
749,25094,2014,19896,Oklahoma City, OK,WBA5A5C52ED502934,BMW,5
750,17995,2014,78778,Manassas, VA,5UXWX9C52E0D13853,BMW,X3xDrive28i
751,16000,2011,80141,Massillon, OH,5UXWX7C54BL731990,BMW,X3AWD
752,30624,2015,11258,Ocala, FL,WBA3A5G57FNS89508,BMW,3
753,23000,2013,34597,Frisco, TX,WBAXG5C53DDY37383,BMW,5
754,18847,2011,64741,Wakefield, MA,WBAFU7C50BC876712,BMW,5
755,34000,2017,4613,Beaverton, OR,WBA8A9C59HK620418,BMW,3
756,24877,2014,21981,Hollywood, FL,WBA5A5C52ED503632,BMW,5
757,12995,2009,80731,Knoxville, TN,5UXFE43589L269447,BMW,X5AWD
758,27955,2014,42557,Tampa, FL,WBA3B3G56ENR81839,BMW,3
759,25000,2014,34105,Gaithersburg, MD,5UXWX9C58E0D33069,BMW,X3xDrive28i
760,21991,2011,43714,West Palm Beach, FL,WBAFR9C58BC758811,BMW,5
761,21800,2014,53632,San Jose, CA,5UXWX9C53E0D23677,BMW,X3xDrive28i
762,22590,2014,46009,Plano, TX,5UXWX9C54E0D13952,BMW,X3xDrive28i
763,19995,2013,85000,Scottsdale, AZ,WBAFR7C51DC824669,BMW,5
764,14000,2008,73826,Arlington Heights, IL,5UXFE83548L098959,BMW,X5AWD
765,9995,2009,120186,Columbus, OH,WBAWC33529PU84913,BMW,3
766,26595,2014,59690,Great Neck, NY,WBA3B9C57EP458925,BMW,3
767,13478,2008,85337,Colorado Springs, CO,5UXFE83548L098492,BMW,X5AWD
768,9999,2006,94931,Marietta, GA,WBAHN83526DT30828,BMW,7
769,25477,2014,42391,Denton, TX,5UXWX9C53E0D34694,BMW,X3xDrive28i
770,29995,2014,,Addison, TX,WBA3B9C52EJ899591,BMW,3
771,7995,2005,115969,Jacksonville, FL,WBAGN63505DS60387,BMW,7
772,31499,2016,35564,Avon, IN,WBA8E3G51GNT80466,BMW,3
773,7999,2009,81000,Orlando, FL,WBAPH73549E127984,BMW,3
774,26897,2014,70468,Avenel, NJ,WBA3B9G55ENR79471,BMW,3
775,16995,2008,57135,Kihel, HI,5UXFE83568L098297,BMW,X5AWD
776,11995,2007,93270,Chesapeake, VA,WBAHN835X7DT71886,BMW,7
777,14995,2010,109000,Stonewall, LA,5UXFE4C5XAL379940,BMW,X5AWD
778,31950,2016,12585,Carrollton, TX,WBXHT3C30GP882339,BMW,X1xDrive
779,11500,2007,68613,Old Hickory, TN,WBANF33577CS39953,BMW,5
780,25995,2014,35734,Westborough, MA,5UXWX9C59E0D25157,BMW,X3xDrive28i
781,17995,2006,79444,Fuquay Varina, NC,WBSNB93596B581998,BMW,5
782,28795,2014,24202,Fremont, CA,WBA5A5C5XED510411,BMW,5
783,28961,2016,26723,Lewisville, TX,5UXWX9C51G0D71634,BMW,X3xDrive28i
784,11899,2007,76438,San Diego, CA,WBAWV135X7PK48814,BMW,3
785,26695,2014,48324,Great Neck, NY,WBA5A7C52ED612006,BMW,5
786,15995,2008,68001,Chicago, IL,WBAHL83578DT13211,BMW,7
787,28996,2014,30213,Mountain View, CA,WBA5A5C59ED507354,BMW,5
788,13988,2007,104305,Englewood, CO,5UXFE83507LZ44647,BMW,X5AWD
789,36857,2017,4030,Highlands Ranch, CO,WBXHT3C3XH5F83862,BMW,X1xDrive28i
790,14795,2008,60750,Lakewood, NJ,WBAVD53578A009649,BMW,3
791,29879,2014,29405,Rochelle Park, NJ,WBA5A7C55ED618527,BMW,5
792,12888,2008,87695,San Mateo, CA,WBAVB73578KY63102,BMW,3
793,27591,2014,53498,Hoover, AL,WBA5B3C55ED538943,BMW,5
794,24577,2014,30175,San Rafael, CA,WBA3N7C54EK221141,BMW,4
795,23830,2012,45548,Pensacola, FL,WBA3A9C54CFX59772,BMW,3
796,38799,2017,8583,Encinitas, CA,WBA8B9C5XHK676445,BMW,3
797,35994,2016,21451,Bensenville, IL,WBA8F1C51GK438407,BMW,3
798,39525,2017,5776,Midlothian, VA,WBA8D9G54HNU58570,BMW,3
799,32180,2014,26735,Boardman, OH,WBA5A7C50ED617074,BMW,5
800,20999,2012,77682,Miami, FL,WBAKC8C58CC436309,BMW,7
801,17988,2011,72972,San Diego, CA,WBAFR1C52BDS36803,BMW,5
802,33476,2016,12655,Houston, TX,5UXWZ7C55G0R32039,BMW,X3sDrive28i
803,25559,2012,59718,Littleton, CO,5UXZW0C53CL672360,BMW,X5AWD
804,33964,2015,36020,San Antonio, TX,WBA5B1C51FD921817,BMW,5
805,22897,2011,59865,Garden Grove, CA,WBAKX8C52BC198072,BMW,7
806,15988,2010,34737,Montgomery, AL,WBANU5C50AC364592,BMW,5
807,28490,2014,,Plano, TX,WBA5M2C57ED871830,BMW,5
808,33998,2015,38116,Decatur, GA,WBA5B1C50FD921582,BMW,5
809,28995,2014,40897,Westbrook, ME,WBA3D5C52EKX99178,BMW,3
810,29000,,28358,Palatine, IL,WBA4A7C57FD415796,BMW,4
811,35995,2016,24378,Fountain Hills, AZ,WBA5A5C56GG352439,BMW,5
812,30995,2016,6825,Doral, FL,WBA3N9C5XGK248567,BMW,4
813,35995,2016,29649,Springfield, VA,5UXWX9C55G0D89635,BMW,X3xDrive28i
814,28500,2015,35340,MONTCLAIR, CA,WBA4A9C51FD416308,BMW,4
815,26940,2013,64043,Newnan, GA,WBAYF4C59DD127910,BMW,7
816,27998,2015,57136,Jacksonville, FL,WBA3V5C53FP752971,BMW,4
817,24991,2015,30176,Gainesville, FL,WBAVM1C57FV314762,BMW,X1sDrive28i
818,35993,2015,30456,Henderson, NV,5UXXW3C55F0F89479,BMW,X4xDrive28i
819,32899,2014,51502,Beavercreek, OH,5UXKR0C53E0H20231,BMW,X5xDrive35i
820,31988,2012,62364,Monterey Park, CA,5YMGY0C50CLK27519,BMW,X5
821,32494,2014,64792,Loveland, CO,5UXKR0C51E0H17991,BMW,X5xDrive35i
822,29990,2012,51784,Concord, CA,WBAKC8C57CC436849,BMW,7
823,39567,2017,4234,Midlothian, VA,WBA8B9G57HNU48766,BMW,3
824,34777,2014,39998,Lodi, NJ,5UXKS4C57E0J95392,BMW,X5xDrive35d
825,40885,2014,12535,Santa Monica, CA,WBAKN9C55ED681565,BMW,5
826,32900,2014,28947,Huntington Station, NY,WBA3D5C53EKX95382,BMW,3
827,32988,2013,53557,Decatur, GA,WBAYF8C58DD140901,BMW,7
828,32999,2012,38787,Sarasota, FL,WBALZ3C50CDL72704,BMW,6
829,24999,2014,48102,Miami Gardens, FL,WBA5B1C58ED917178,BMW,5
830,34995,2015,30127,Westborough, MA,WBA1J9C58FVX98513,BMW,2
831,30988,2012,69335,Pacoima, CA,WBALZ3C51CDL70511,BMW,6
832,35500,2014,35998,Hartford, CT,WBA3T1C59EPS98965,BMW,4
833,46867,2017,4306,Plano, TX,WBY1Z8C39HV890820,BMW,i394
834,28888,2011,56386,Hollywood, FL,WBSKG9C52BE368520,BMW,M32dr
835,41777,2018,4257,Valencia, CA,WBA4J1C55JBA30192,BMW,4
836,47045,2017,4934,Fremont, CA,5UXWX7C56H0U41132,BMW,X3xDrive35i
837,23867,2013,63801,Austin, TX,5UXZV4C5XD0B18040,BMW,X5xDrive35i
838,43276,2016,28650,Mount Kisco, NY,5UXKR0C5XG0P34658,BMW,X5xDrive35i
839,34333,2013,83800,North Hollywood, CA,WBA6B2C51DD128184,BMW,6
840,38995,2014,35691,Hayward, CA,5UXFG2C53E0H11418,BMW,X6xDrive35i
841,34995,2015,4252,Darien, CT,WBY1Z4C56FV502563,BMW,i3Hatchback
842,43881,2014,29304,Bedford, TX,5UXKR6C54E0C03118,BMW,X5xDrive50i
843,25995,2011,80713,Farmers Branch, TX,WBAKB8C56BCY66776,BMW,7
844,49299,2017,13000,Spring Valley, NY,5UXKR0C50H0U52921,BMW,X5xDrive35i
845,47444,2015,25147,Reading, PA,5UXKS4C50F0N09854,BMW,X5xDrive35d
846,52991,2016,13158,Charlotte, NC,5UXKT0C50G0F75105,BMW,X5
847,56445,2017,99,Lancaster, PA,5UXWX7C34H0U44464,BMW,X3xDrive35i
848,49995,2015,17292,Chicago, IL,WBAYE8C58FD781228,BMW,7
849,59776,2017,4167,Eatontown, NJ,WBAJA7C31HG905086,BMW,5
850,56990,2017,7890,Arlington, TX,5UXKR0C58H0U51824,BMW,X5xDrive35i
851,55620,2017,6185,Mobile, AL,WBA4U9C33H5H64455,BMW,4
852,59991,2017,15348,Charlotte, NC,5UXKR0C57H0V67516,BMW,X5xDrive35i
853,14300,2014,7544,Waterford, MI,1G4PN5SK0E4160578,Buick,VeranoBase
854,13991,2015,31916,Costa Mesa, CA,KL4CJASB6FB135182,Buick,EncoreFWD
855,16800,2015,15855,Melbourne, FL,KL4CJASB6FB123761,Buick,EncoreFWD
856,5995,2007,116419,Abington, MA,3G5DA03LX7S586169,Buick,RendezvousFWD
857,7990,2007,52399,Golden Valley, MN,1G4HP572X7U130157,Buick,Lucerne4dr
858,7950,2009,88000,Seattle, WA,2G4WD582891140456,Buick,LaCrosse4dr
859,16253,2013,43494,Lewes, DE,1G4GF5E36DF165045,Buick,LaCrosseFWD
860,10988,2009,48890,Cincinnati, OH,1G4HD57M59U121024,Buick,Lucerne4dr
861,7988,2008,78880,Manassas, VA,1G4HD57268U127671,Buick,Lucerne4dr
862,18898,2014,33098,Tinley Park, IL,1G4GB5G32EF181527,Buick,LaCrosseFWD
863,16440,2014,36973,CREVE COEUR, MO,2G4GK5EX9E9269733,Buick,RegalTurbo
864,8500,2006,83940,Muncie, IN,1G4HD57256U239746,Buick,Lucerne4dr
865,13888,2011,84151,San Antonio, TX,5GAKRBED1BJ363850,Buick,EnclaveFWD
866,16981,2012,73562,Addison, TX,5GAKRCED8CJ100648,Buick,EnclaveLeather
867,2995,2002,121002,Fort Benton, MT,2G4WY55J921177683,Buick,Century4dr
868,13294,2009,121339,Punta Gorda, FL,5GAEV23D29J113152,Buick,EnclaveAWD
869,25490,2014,29848,Duluth, GA,5GAKRBKDXEJ340639,Buick,EnclaveLeather
870,24981,2014,55770,League City, TX,5GAKRBKD6EJ365277,Buick,EnclaveLeather
871,10395,2009,82119,Columbus, OH,1G4HP57M39U130800,Buick,Lucerne4dr
872,25500,2013,68526,Kansas City, KS,5GAKVDKD6DJ236106,Buick,EnclavePremium
873,23988,2014,47761,Coon Rapids, MN,1G4GF5G34EF195417,Buick,LaCrosseFWD
874,34848,2017,16500,Las Cruces, NM,5GAKRBKD6HJ172048,Buick,EnclaveLeather
875,37488,2017,32548,Savannah, MO,5GAKVCKD7HJ190348,Buick,EnclavePremium
876,40635,2017,4081,Miami, FL,LRBFXBSA3HD020169,Buick,EnvisionFWD
877,17222,2013,52198,Naples, FL,1G6AJ5S36D0123204,Cadillac,ATS3.6L
878,18600,2014,48392,Dallas, TX,1G6AB5RX1E0155811,Cadillac,ATS2.0L
879,22000,,,Lowell, NC,1G6AB5RA9E0154305,Cadillac,ATS2.5L
880,17500,2012,56154,Glen Burnie, MD,3GYFNGE31CS655508,Cadillac,SRXFWD
881,9990,2012,121438,Tampa, FL,1G6DA5E57C0145852,Cadillac,CTS
882,21995,2012,30103,Westborough, MA,3GYFNAE3XCS516037,Cadillac,SRXFWD
883,26290,2016,36723,Kennesaw, GA,3GYFNBE33GS531376,Cadillac,SRXLuxury
884,27998,2014,21176,Houston, TX,1G6DD1E33E0169731,Cadillac,CTS
885,30499,2016,17463,McKinney, TX,3GYFNBE33GS506767,Cadillac,SRXLuxury
886,28989,2015,31572,Orem, UT,3GYFNEE38FS616679,Cadillac,SRXLuxury
887,23928,2014,46821,Albert Lea, MN,1G6AX5SX0E0131463,Cadillac,CTS
888,28995,2015,16591,Pelham, AL,3GYFNBE31FS640076,Cadillac,SRXLuxury
889,9503,2006,118610,Atlanta, GA,1GYEC63N86R141209,Cadillac,Escalade4dr
890,29900,2014,20273,Englewood Cliffs, NJ,3GYFNEE39ES624675,Cadillac,SRXLuxury
891,30995,2016,7175,Orlando, FL,1G6AR5SX4G0122407,Cadillac,CTS
892,32594,2015,34796,Fredericktown, MO,3GYFNGE39FS574423,Cadillac,SRXPremium
893,28999,2016,,Hudson, MA,2G61N5S31G9145061,Cadillac,XTSAWD
894,38280,2017,6628,Van Wert, OH,1GYKNDRS9HZ192929,Cadillac,XT5Luxury
895,15000,2012,61839,Alexandria, VA,1G6DC5E58C0113860,Cadillac,CTS
896,20995,2009,116882,Brooklyn Center, MN,1GYFK23229R255877,Cadillac,EscaladeAWD
897,19988,2008,114676,Englewood, CO,1GYFK63868R219670,Cadillac,EscaladeAWD
898,23999,2014,32259,Salinas, CA,3GYFNBE3XES520100,Cadillac,SRXLuxury
899,25998,2009,71330,Abilene, TX,1GYFK23219R194344,Cadillac,EscaladeAWD
900,26988,2009,71551,Englewood, CO,1GYFK13259R234810,Cadillac,EscaladeAWD
901,39888,2017,11078,Ocala, FL,2G61M5S32H9142562,Cadillac,XTSFWD
902,28888,2017,19800,Richardson, TX,2G61M5S32H9145414,Cadillac,XTSFWD
903,35000,2011,76947,Fuquay-Varina, NC,1G6DV5EPXB0169437,Cadillac,CTS-V
904,57891,2015,33507,Jacksonville, FL,1GYS4BKJ3FR186484,Cadillac,Escalade4WD
905,76230,2016,6913,Philadelphia, PA,1G6A15S60G0158934,Cadillac,CTS-V
906,10700,2015,24236,Princeton, NJ,1G1PB5SG6F7285330,Chevrolet,CruzeLS
907,10900,2011,18001,Belton, MO,1G1ZA5EU5BF368258,Chevrolet,Malibu
908,14500,2014,12519,St Louis, MO,1G11C5SL4EF174599,Chevrolet,Malibu1LT
909,9977,2014,70561,Villa Park, IL,1G11B5SL7EF106817,Chevrolet,MalibuLS
910,17233,2017,25076,Fort Lauderdale, FL,1G1ZE5ST1HF149502,Chevrolet,MalibuLT
911,8575,2012,47036,Allentown, PA,1G1PF5SC4C7361740,Chevrolet,CruzeSedan
912,16733,2017,34415,Lakewood, WA,1G1ZE5ST5HF121654,Chevrolet,MalibuLT
913,17233,2017,29601,Saint Paul, MN,1G1ZE5ST3HF116307,Chevrolet,MalibuLT
914,17933,2017,21580,New Orleans, LA,1G1ZE5ST4HF207991,Chevrolet,MalibuLT
915,12500,2015,40580,Warrenton, VA,1G1PG5SB0F7184676,Chevrolet,CruzeLTZ
916,18533,2017,17199,Sandy, UT,1G1ZE5ST6HF174265,Chevrolet,MalibuLT
917,18533,2017,17982,Lakewood, WA,1G1ZE5ST3HF172585,Chevrolet,MalibuLT
918,18533,2017,18407,San Mateo, CA,1G1ZE5ST3HF199897,Chevrolet,MalibuLT
919,18533,2017,19810,Lawrenceville, GA,1G1ZE5ST0HF199338,Chevrolet,MalibuLT
920,14989,2016,18576,Brook Park, OH,1G11B5SA4GF133927,Chevrolet,Malibu
921,11800,2014,42012,Cedar Rapids, IA,1G1PC5SB2E7357267,Chevrolet,Cruze1LT
922,8584,2011,53918,Garland, TX,1G1PF5S9XB7109896,Chevrolet,Cruze4dr
923,11988,2013,64780,North Dartmouth, MA,1G11D5RR6DF121747,Chevrolet,MalibuECO
924,14737,2016,20292,Seymour, IN,1G1BE5SM8G7262902,Chevrolet,CruzeLT
925,15206,2017,22941,Ivel, KY,1G1BE5SM7H7100096,Chevrolet,CruzeSedan
926,18679,2017,11705,Virgina Beach, VA,1G1ZE5ST2HF151209,Chevrolet,MalibuLT
927,4100,2010,83647,Portsmouth, VA,KL1TD5DE2AB113790,Chevrolet,Aveo4dr
928,,2016,41324,Elizabeth City, NC,1G11C5SA9GF148243,Chevrolet,Malibu
929,13500,2015,22561,Merriam, KS,1G1PC5SB3F7121759,Chevrolet,Cruze1LT
930,14195,2014,24549,Coon Rapids, MN,1G1PE5SBXE7258822,Chevrolet,Cruze2LT
931,15000,2016,24799,Austin, TX,1G1BE5SM0G7326656,Chevrolet,CruzeLT
932,7500,2011,73246,Alliance, OH,1G1PC5SH5B7133023,Chevrolet,Cruze4dr
933,9803,2013,63278,Gladstone, OR,1G1PA5SG5D7213678,Chevrolet,CruzeLS
934,6494,2011,115116,Lawrenceville, NJ,1G1ZB5E19BF159253,Chevrolet,Malibu4dr
935,11995,2013,66280,Philadelphia, PA,1G11D5RR7DF106285,Chevrolet,MalibuECO
936,13999,2014,46942,Granite City, IL,2GNALAEK1E6345054,Chevrolet,EquinoxFWD
937,13924,2016,22225,Livonia, MI,3GNCJKSB6GL219747,Chevrolet,TraxFWD
938,13830,2015,15437,Lake Park, FL,3GNCJKSB0FL199669,Chevrolet,TraxFWD
939,8000,2011,69668,Sunrise, FL,1G1PC5SH4B7267330,Chevrolet,Cruze4dr
940,18990,2016,18326,Derby, KS,1G1ZE5ST4GF356013,Chevrolet,MalibuLT
941,9700,2014,85319,Dallas, TX,1G1PE5SB8E7335686,Chevrolet,Cruze2LT
942,16772,2013,34487,Tucson, AZ,2GNALDEKXD6236768,Chevrolet,EquinoxFWD
943,12894,2014,77584,Union City, GA,2GNALAEK5E1129107,Chevrolet,EquinoxFWD
944,21495,2017,986,El Paso, TX,2GNALBEK6H1542471,Chevrolet,EquinoxFWD
945,9891,2011,79488,Pinconning, MI,2CNALDEC1B6237897,Chevrolet,EquinoxFWD
946,15725,2016,21266,Rainbow City, AL,3GNCJKSB9GL266027,Chevrolet,TraxFWD
947,16900,2016,34614,Chicago, IL,1G11C5SA4GU162160,Chevrolet,Malibu
948,8222,2010,97332,Spencerport, NY,2CNALDEW7A6202290,Chevrolet,EquinoxFWD
949,15871,2015,23993,Tallmadge, OH,3GNCJRSBXFL204269,Chevrolet,TraxAWD
950,12979,2011,57954,Columbia, SC,2CNALDEC4B6219796,Chevrolet,EquinoxFWD
951,16497,2016,34546,Columbus, OH,1G11E5SA0GF103296,Chevrolet,Malibu
952,14595,2014,71206,Allentown, PA,1G11B5SL3EF190330,Chevrolet,MalibuLS
953,18500,2015,47327,Kansas City, MO,1G11G5SX4FF211661,Chevrolet,Malibu2LTZ
954,4999,2009,97693,Spring, TX,1G1AT18H297215582,Chevrolet,Cobalt2dr
955,11000,2011,91590,Savannah, GA,2CNALDECXB6468670,Chevrolet,EquinoxFWD
956,9555,2015,44092,Phoenix, AZ,1G1JC6SG4F4210894,Chevrolet,SonicHatch
957,21905,2017,13420,Mission, TX,2GNALBEK3H1524798,Chevrolet,EquinoxFWD
958,18995,2013,12920,Midlothian, VA,1GNFLEEK7DZ132111,Chevrolet,EquinoxAWD
959,8995,2014,36307,Memphis, TN,1G1JA6SH7E4128090,Chevrolet,SonicHatchback
960,12881,2015,12987,Gadsden, AL,1G1JC6SH2F4183834,Chevrolet,SonicHatch
961,15688,2015,83508,SHAKOPEE, MN,2GNALCEK9F6322571,Chevrolet,EquinoxFWD
962,17500,2015,52843,Wolcott, NY,2GNFLFEK0F6416166,Chevrolet,EquinoxAWD
963,22994,2016,18139,Watertown, NY,2GNFLFEK4G6359729,Chevrolet,EquinoxAWD
964,12995,2016,16829,Graham, NC,1G1PE5SB1G7182197,Chevrolet,Cruze
965,14980,2013,73589,Austin, TX,2GNALBEK5D1264947,Chevrolet,EquinoxFWD
966,,2015,42024,LITCHFIELD, IL,1G1JC5SH6F4115093,Chevrolet,SonicSedan
967,17999,2014,57009,Dover, DE,2GNFLFE34E6185490,Chevrolet,EquinoxAWD
968,22998,2017,12706,Highland, IN,2GNALCEK9H6105198,Chevrolet,EquinoxFWD
969,13999,2013,77433,Brooksville, FL,1G1PG5SBXD7283633,Chevrolet,CruzeLTZ
970,11900,2014,29219,Glendale, CA,1G1JE6SB5E4192919,Chevrolet,SonicHatchback
971,12588,2014,125084,Conroe, TX,2GNALCEK3E6191796,Chevrolet,EquinoxFWD
972,14100,2016,39912,Columbia, MO,1G1PG5SB1G7120650,Chevrolet,Cruze
973,15988,2014,27400,Chandler, AZ,2G1FA1E35E9126375,Chevrolet,CamaroCoupe
974,6555,2012,109689,Pontiac, MI,2G1WF5E37C1192446,Chevrolet,ImpalaLS
975,7440,2009,86199,Tinley Park, IL,2G1WT57N991269849,Chevrolet,Impala4dr
976,4000,2010,168399,Crittenden, KY,1G1AB5F54A7132789,Chevrolet,Cobalt4dr
977,8000,2009,96919,Columbus, OH,2G1WT57K291210003,Chevrolet,Impala4dr
978,16988,2015,36781,Surprise, AZ,2G1FB1E32F9160126,Chevrolet,CamaroCoupe
979,17500,2016,40035,Watertown, CT,2G1115S36G9126569,Chevrolet,Impala2LT
980,17725,2016,36476,Clearwater, FL,2G1115S37G9147432,Chevrolet,Impala2LT
981,6494,2012,110860,Wichita, KS,1G1PD5SH6C7231878,Chevrolet,CruzeSedan
982,15894,2014,55082,St. Peters, MO,1G1115SL0EU160278,Chevrolet,ImpalaLT
983,12095,2013,79451,Aurora, IL,2G1WG5E34D1184500,Chevrolet,ImpalaLT
984,14777,2013,60792,Lubbock, TX,2G1FB1E30D9122407,Chevrolet,CamaroCoupe
985,12500,2010,74936,Troy, MO,1GCPCPEX4AZ238628,Chevrolet,Silverado
986,9274,2013,91658,Milwaukie, OR,1G1PC5SB5D7159264,Chevrolet,Cruze1LT
987,16995,2014,24295,Colmar, PA,1G1RB6E41EU157237,Chevrolet,VoltPlug-In
988,13000,2011,80063,Tampa, FL,2G1FC3DD2B9170488,Chevrolet,Camaro2dr
989,20320,2015,21912,Jonesboro, GA,2G1FD1E38F9306734,Chevrolet,CamaroCoupe
990,14980,2013,42516,Saint Helens, OR,1G1RD6E48DU128312,Chevrolet,VoltBase
991,8768,2012,143749,Memphis, TN,2G1WG5E34C1171972,Chevrolet,ImpalaLT
992,9980,2012,85216,Columbia, KY,1G1ZB5E08CF189689,Chevrolet,MalibuLS
993,9990,2009,81598,Orland Park, IL,1GNER13D39S147552,Chevrolet,TraverseFWD
994,19950,2016,48692,Worthington, OH,2G1115S34G9133598,Chevrolet,Impala2LT
995,22988,2017,38260,Topeka, KS,2G1105S3XH9105812,Chevrolet,ImpalaLT
996,2960,2002,110282,Columbus, OH,1G1JF524327218498,Chevrolet,Cavalier4dr
997,15995,2016,18833,Pueblo, CO,1G1ZB5ST7GF352871,Chevrolet,MalibuLS
998,10800,2011,108404,Marion, IL,1GNKREED6BJ154076,Chevrolet,TraverseFWD
999,25200,2017,15344,Montebello, CA,2G1145S3XH9133663,Chevrolet,ImpalaPremier
1000,12500,2013,98228,Houston, TX,1GNKRJKD9DJ243978,Chevrolet,Traverse2LT
